group,station_noise,method,metric,station_mean
A,R17EF,Bandpass,output_vs_clean_snr,0.1692274618573851
A,R1A27,Bandpass,output_vs_clean_snr,0.007178044422564025
A,R28BA,Bandpass,output_vs_clean_snr,0.6144429778646759
A,R36D4,Bandpass,output_vs_clean_snr,-0.0727864071334839
A,R3AE5,Bandpass,output_vs_clean_snr,0.07667994044296685
A,R4017,Bandpass,output_vs_clean_snr,0.001699528758814883
A,R68A5,Bandpass,output_vs_clean_snr,0.4448942632211523
A,R6DB9,Bandpass,output_vs_clean_snr,2.4132185052647377
A,R74A7,Bandpass,output_vs_clean_snr,-0.23482353414487764
A,R7805,Bandpass,output_vs_clean_snr,0.1736371366886239
A,R81A1,Bandpass,output_vs_clean_snr,0.3145008867483817
A,R8B57,Bandpass,output_vs_clean_snr,4.73417325884088
A,R9634,Bandpass,output_vs_clean_snr,0.020393585985937154
A,RD4CB,Bandpass,output_vs_clean_snr,-0.03216570172999202
A,S941D,Bandpass,output_vs_clean_snr,0.49630606885713946
B,R0ECF,Bandpass,output_vs_clean_snr,1.2694174961419706
B,R2004,Bandpass,output_vs_clean_snr,0.10108402574873333
B,R24AE,Bandpass,output_vs_clean_snr,0.043720344432300585
B,R3B66,Bandpass,output_vs_clean_snr,0.9252861169613872
B,R4DE2,Bandpass,output_vs_clean_snr,0.8966496135009271
B,R53B7,Bandpass,output_vs_clean_snr,0.9358517335327304
B,R5C4C,Bandpass,output_vs_clean_snr,0.0647375883067125
B,R663D,Bandpass,output_vs_clean_snr,0.17674173188662654
B,R686A,Bandpass,output_vs_clean_snr,0.127916530871911
B,R6928,Bandpass,output_vs_clean_snr,0.1569035020781737
B,R77C3,Bandpass,output_vs_clean_snr,0.702031014405344
B,R7813,Bandpass,output_vs_clean_snr,0.08467591425517436
B,R7BF6,Bandpass,output_vs_clean_snr,0.1812544434644321
B,R81CF,Bandpass,output_vs_clean_snr,0.8940235543784539
B,R8219,Bandpass,output_vs_clean_snr,0.15945114342476954
B,R87FD,Bandpass,output_vs_clean_snr,0.39885573583585343
B,R8A9B,Bandpass,output_vs_clean_snr,0.6910593559052058
B,R8D8E,Bandpass,output_vs_clean_snr,0.10332314055276497
B,R92E0,Bandpass,output_vs_clean_snr,0.35944263048209374
B,R976A,Bandpass,output_vs_clean_snr,0.14243564999894076
B,R985F,Bandpass,output_vs_clean_snr,0.31152535994222247
B,R9F13,Bandpass,output_vs_clean_snr,0.11486312550967433
B,RA825,Bandpass,output_vs_clean_snr,0.45528919116368227
B,RAB7F,Bandpass,output_vs_clean_snr,0.09328016357866886
B,RAC20,Bandpass,output_vs_clean_snr,1.0016953500802293
B,RB0FB,Bandpass,output_vs_clean_snr,0.014835656386831013
B,RB53D,Bandpass,output_vs_clean_snr,0.10549210110137473
B,RC131,Bandpass,output_vs_clean_snr,0.40658391094668456
B,RC2BF,Bandpass,output_vs_clean_snr,0.6551513525368625
B,RCBF0,Bandpass,output_vs_clean_snr,0.12275567056371896
B,RCCE6,Bandpass,output_vs_clean_snr,0.5413964253652019
B,RD349,Bandpass,output_vs_clean_snr,0.11294901150183063
B,RE8DB,Bandpass,output_vs_clean_snr,0.12008615824364306
A,R17EF,Bandpass,amp_ratio_clean,1.4379741403094508
A,R1A27,Bandpass,amp_ratio_clean,1.4274119138717651
A,R28BA,Bandpass,amp_ratio_clean,1.7616058974354356
A,R36D4,Bandpass,amp_ratio_clean,1.2002469290185858
A,R3AE5,Bandpass,amp_ratio_clean,1.273037404925735
A,R4017,Bandpass,amp_ratio_clean,3.588627618772012
A,R68A5,Bandpass,amp_ratio_clean,2.6202326637727245
A,R6DB9,Bandpass,amp_ratio_clean,2.904931022061242
A,R74A7,Bandpass,amp_ratio_clean,1.9186525830516108
A,R7805,Bandpass,amp_ratio_clean,2.5001687341266208
A,R81A1,Bandpass,amp_ratio_clean,2.2664465959425324
A,R8B57,Bandpass,amp_ratio_clean,2.1156087076222456
A,R9634,Bandpass,amp_ratio_clean,1.7403638230429754
A,RD4CB,Bandpass,amp_ratio_clean,1.6608921101799718
A,S941D,Bandpass,amp_ratio_clean,1.2809589748029355
B,R0ECF,Bandpass,amp_ratio_clean,1.380582680304845
B,R2004,Bandpass,amp_ratio_clean,1.63389386733373
B,R24AE,Bandpass,amp_ratio_clean,1.5589156399170558
B,R3B66,Bandpass,amp_ratio_clean,1.1997036188840866
B,R4DE2,Bandpass,amp_ratio_clean,1.6916042044758797
B,R53B7,Bandpass,amp_ratio_clean,2.7911574095487595
B,R5C4C,Bandpass,amp_ratio_clean,1.4022619128227234
B,R663D,Bandpass,amp_ratio_clean,1.581107144554456
B,R686A,Bandpass,amp_ratio_clean,1.9261305034160614
B,R6928,Bandpass,amp_ratio_clean,1.275090791285038
B,R77C3,Bandpass,amp_ratio_clean,1.3827200358112652
B,R7813,Bandpass,amp_ratio_clean,1.7308247795811407
B,R7BF6,Bandpass,amp_ratio_clean,1.6561763162414234
B,R81CF,Bandpass,amp_ratio_clean,2.7867321322361627
B,R8219,Bandpass,amp_ratio_clean,1.894084299604098
B,R87FD,Bandpass,amp_ratio_clean,1.6187576011375144
B,R8A9B,Bandpass,amp_ratio_clean,5.362768630186717
B,R8D8E,Bandpass,amp_ratio_clean,1.2555345545212429
B,R92E0,Bandpass,amp_ratio_clean,1.3068604071935017
B,R976A,Bandpass,amp_ratio_clean,1.5277945200602214
B,R985F,Bandpass,amp_ratio_clean,3.7273919781049094
B,R9F13,Bandpass,amp_ratio_clean,1.3255832915504773
B,RA825,Bandpass,amp_ratio_clean,1.7917800446351368
B,RAB7F,Bandpass,amp_ratio_clean,1.6901660981001678
B,RAC20,Bandpass,amp_ratio_clean,1.6664325147867203
B,RB0FB,Bandpass,amp_ratio_clean,1.2912657062212627
B,RB53D,Bandpass,amp_ratio_clean,1.3891612788041432
B,RC131,Bandpass,amp_ratio_clean,1.4160357773303986
B,RC2BF,Bandpass,amp_ratio_clean,1.6279423957069714
B,RCBF0,Bandpass,amp_ratio_clean,2.683400643368562
B,RCCE6,Bandpass,amp_ratio_clean,1.32215009353779
B,RD349,Bandpass,amp_ratio_clean,1.9183694024880726
B,RE8DB,Bandpass,amp_ratio_clean,1.088972767194112
A,R17EF,Bandpass,corr_z,0.7943960302640558
A,R1A27,Bandpass,corr_z,0.7443083793829297
A,R28BA,Bandpass,corr_z,0.6788258028963712
A,R36D4,Bandpass,corr_z,0.8486218008932395
A,R3AE5,Bandpass,corr_z,0.882884425021153
A,R4017,Bandpass,corr_z,0.5300098708296832
A,R68A5,Bandpass,corr_z,0.7201167101599757
A,R6DB9,Bandpass,corr_z,0.6332534937618787
A,R74A7,Bandpass,corr_z,0.7136707327450795
A,R7805,Bandpass,corr_z,0.5491225246076284
A,R81A1,Bandpass,corr_z,0.6504970034506977
A,R8B57,Bandpass,corr_z,0.732325543058751
A,R9634,Bandpass,corr_z,0.7243255714750684
A,RD4CB,Bandpass,corr_z,0.7735110522474593
A,S941D,Bandpass,corr_z,0.786844054542742
B,R0ECF,Bandpass,corr_z,0.7152744867993387
B,R2004,Bandpass,corr_z,0.6730161303300839
B,R24AE,Bandpass,corr_z,0.7041735876233503
B,R3B66,Bandpass,corr_z,0.7465595274378153
B,R4DE2,Bandpass,corr_z,0.7253567965394612
B,R53B7,Bandpass,corr_z,0.42495231317838944
B,R5C4C,Bandpass,corr_z,0.7721974843590527
B,R663D,Bandpass,corr_z,0.7180414793554256
B,R686A,Bandpass,corr_z,0.7163593050794358
B,R6928,Bandpass,corr_z,0.7061888599417195
B,R77C3,Bandpass,corr_z,0.6740935378782079
B,R7813,Bandpass,corr_z,0.5558516880697917
B,R7BF6,Bandpass,corr_z,0.6639812381799913
B,R81CF,Bandpass,corr_z,0.6837580088187134
B,R8219,Bandpass,corr_z,0.7122843652274273
B,R87FD,Bandpass,corr_z,0.6512452048234812
B,R8A9B,Bandpass,corr_z,0.6332846184214006
B,R8D8E,Bandpass,corr_z,0.6621323335957113
B,R92E0,Bandpass,corr_z,0.7637227473370666
B,R976A,Bandpass,corr_z,0.6874858715783191
B,R985F,Bandpass,corr_z,0.596306618811594
B,R9F13,Bandpass,corr_z,0.6956390384010124
B,RA825,Bandpass,corr_z,0.6980825687374118
B,RAB7F,Bandpass,corr_z,0.7308626367731549
B,RAC20,Bandpass,corr_z,0.6920177768432563
B,RB0FB,Bandpass,corr_z,0.7066165365222782
B,RB53D,Bandpass,corr_z,0.6893900976090626
B,RC131,Bandpass,corr_z,0.7034427566587957
B,RC2BF,Bandpass,corr_z,0.6407965751113004
B,RCBF0,Bandpass,corr_z,0.6756950957626562
B,RCCE6,Bandpass,corr_z,0.7716341613663812
B,RD349,Bandpass,corr_z,0.5402458645993451
B,RE8DB,Bandpass,corr_z,0.8198487470707846
A,R17EF,Bandpass,background_suppression_db,0.16661859275860783
A,R1A27,Bandpass,background_suppression_db,0.06539644947130686
A,R28BA,Bandpass,background_suppression_db,0.5530645998776337
A,R36D4,Bandpass,background_suppression_db,0.06909592462018906
A,R3AE5,Bandpass,background_suppression_db,0.14173276082610092
A,R4017,Bandpass,background_suppression_db,0.14961583114904772
A,R68A5,Bandpass,background_suppression_db,0.3163089496337435
A,R6DB9,Bandpass,background_suppression_db,2.861782716391402
A,R74A7,Bandpass,background_suppression_db,0.03141926981831497
A,R7805,Bandpass,background_suppression_db,0.30877571599205716
A,R81A1,Bandpass,background_suppression_db,0.29733851134540396
A,R8B57,Bandpass,background_suppression_db,3.775569346428453
A,R9634,Bandpass,background_suppression_db,0.207937144527053
A,RD4CB,Bandpass,background_suppression_db,0.1434579634709767
A,S941D,Bandpass,background_suppression_db,0.662891832518514
B,R0ECF,Bandpass,background_suppression_db,1.7084304380586015
B,R2004,Bandpass,background_suppression_db,0.16675704572218147
B,R24AE,Bandpass,background_suppression_db,0.09936871811609845
B,R3B66,Bandpass,background_suppression_db,1.3756017938046756
B,R4DE2,Bandpass,background_suppression_db,0.5260517279550506
B,R53B7,Bandpass,background_suppression_db,0.9578567391981613
B,R5C4C,Bandpass,background_suppression_db,0.07180561778961803
B,R663D,Bandpass,background_suppression_db,0.4316944512139947
B,R686A,Bandpass,background_suppression_db,0.20189348766088225
B,R6928,Bandpass,background_suppression_db,0.3461604347712041
B,R77C3,Bandpass,background_suppression_db,0.9065873509031355
B,R7813,Bandpass,background_suppression_db,0.16530415293060785
B,R7BF6,Bandpass,background_suppression_db,0.2697495222651743
B,R81CF,Bandpass,background_suppression_db,1.0694869383600734
B,R8219,Bandpass,background_suppression_db,0.17266214715935002
B,R87FD,Bandpass,background_suppression_db,0.7391243605265042
B,R8A9B,Bandpass,background_suppression_db,1.776674901005008
B,R8D8E,Bandpass,background_suppression_db,0.1563469520898421
B,R92E0,Bandpass,background_suppression_db,0.7264705459027487
B,R976A,Bandpass,background_suppression_db,0.21935684230145525
B,R985F,Bandpass,background_suppression_db,0.6552418591528492
B,R9F13,Bandpass,background_suppression_db,0.08727696908344174
B,RA825,Bandpass,background_suppression_db,0.6774567664555149
B,RAB7F,Bandpass,background_suppression_db,0.14846493348777923
B,RAC20,Bandpass,background_suppression_db,0.5150964637496624
B,RB0FB,Bandpass,background_suppression_db,0.03546323124899874
B,RB53D,Bandpass,background_suppression_db,0.3170038316133555
B,RC131,Bandpass,background_suppression_db,0.6644970233784261
B,RC2BF,Bandpass,background_suppression_db,2.462607041748934
B,RCBF0,Bandpass,background_suppression_db,0.17899272256840626
B,RCCE6,Bandpass,background_suppression_db,0.7663615398988718
B,RD349,Bandpass,background_suppression_db,0.11560655155847081
B,RE8DB,Bandpass,background_suppression_db,0.22526812276201827
A,R17EF,DeepDenoiser,output_vs_clean_snr,2.570775704339069
A,R1A27,DeepDenoiser,output_vs_clean_snr,1.4710481536135547
A,R28BA,DeepDenoiser,output_vs_clean_snr,1.9702371457158565
A,R36D4,DeepDenoiser,output_vs_clean_snr,3.1941013964108924
A,R3AE5,DeepDenoiser,output_vs_clean_snr,1.87084049317766
A,R4017,DeepDenoiser,output_vs_clean_snr,1.8050221598232759
A,R68A5,DeepDenoiser,output_vs_clean_snr,1.2757870982858652
A,R6DB9,DeepDenoiser,output_vs_clean_snr,1.4789723179950298
A,R74A7,DeepDenoiser,output_vs_clean_snr,1.3101542732251963
A,R7805,DeepDenoiser,output_vs_clean_snr,2.2521776187969897
A,R81A1,DeepDenoiser,output_vs_clean_snr,1.6038127634636743
A,R8B57,DeepDenoiser,output_vs_clean_snr,4.233899674920284
A,R9634,DeepDenoiser,output_vs_clean_snr,1.6694852225968757
A,RD4CB,DeepDenoiser,output_vs_clean_snr,1.3691661342743457
A,S941D,DeepDenoiser,output_vs_clean_snr,2.249231444504984
B,R0ECF,DeepDenoiser,output_vs_clean_snr,1.0277421495996029
B,R2004,DeepDenoiser,output_vs_clean_snr,0.8867223924739013
B,R24AE,DeepDenoiser,output_vs_clean_snr,1.175309845899524
B,R3B66,DeepDenoiser,output_vs_clean_snr,1.4668926588640263
B,R4DE2,DeepDenoiser,output_vs_clean_snr,2.0498287762209197
B,R53B7,DeepDenoiser,output_vs_clean_snr,2.0755112420488664
B,R5C4C,DeepDenoiser,output_vs_clean_snr,0.7519251852793741
B,R663D,DeepDenoiser,output_vs_clean_snr,1.0466104883990919
B,R686A,DeepDenoiser,output_vs_clean_snr,1.572507127113278
B,R6928,DeepDenoiser,output_vs_clean_snr,1.0922787137769854
B,R77C3,DeepDenoiser,output_vs_clean_snr,2.6161918960234414
B,R7813,DeepDenoiser,output_vs_clean_snr,0.880871365656374
B,R7BF6,DeepDenoiser,output_vs_clean_snr,1.3789772679425123
B,R81CF,DeepDenoiser,output_vs_clean_snr,1.9306301951658176
B,R8219,DeepDenoiser,output_vs_clean_snr,0.6884007893068743
B,R87FD,DeepDenoiser,output_vs_clean_snr,1.3145658023193543
B,R8A9B,DeepDenoiser,output_vs_clean_snr,1.5967126682591049
B,R8D8E,DeepDenoiser,output_vs_clean_snr,1.1683284723901861
B,R92E0,DeepDenoiser,output_vs_clean_snr,1.5821069003882726
B,R976A,DeepDenoiser,output_vs_clean_snr,1.0326864265731033
B,R985F,DeepDenoiser,output_vs_clean_snr,2.1332385791194532
B,R9F13,DeepDenoiser,output_vs_clean_snr,1.2304146591399834
B,RA825,DeepDenoiser,output_vs_clean_snr,1.1124705182391705
B,RAB7F,DeepDenoiser,output_vs_clean_snr,2.513513128090899
B,RAC20,DeepDenoiser,output_vs_clean_snr,1.2786308579306211
B,RB0FB,DeepDenoiser,output_vs_clean_snr,0.9036280406138907
B,RB53D,DeepDenoiser,output_vs_clean_snr,1.577127999438213
B,RC131,DeepDenoiser,output_vs_clean_snr,1.1867007266478784
B,RC2BF,DeepDenoiser,output_vs_clean_snr,0.7359519890890298
B,RCBF0,DeepDenoiser,output_vs_clean_snr,1.2765269680811608
B,RCCE6,DeepDenoiser,output_vs_clean_snr,3.490329284431388
B,RD349,DeepDenoiser,output_vs_clean_snr,0.5915324984549458
B,RE8DB,DeepDenoiser,output_vs_clean_snr,2.4299280425353946
A,R17EF,DeepDenoiser,amp_ratio_clean,0.5897931423969567
A,R1A27,DeepDenoiser,amp_ratio_clean,0.3472598665965754
A,R28BA,DeepDenoiser,amp_ratio_clean,0.5175510810508125
A,R36D4,DeepDenoiser,amp_ratio_clean,0.5043433876665033
A,R3AE5,DeepDenoiser,amp_ratio_clean,0.45373135349816746
A,R4017,DeepDenoiser,amp_ratio_clean,0.30593081403316724
A,R68A5,DeepDenoiser,amp_ratio_clean,0.33480191263542686
A,R6DB9,DeepDenoiser,amp_ratio_clean,0.8874808053649893
A,R74A7,DeepDenoiser,amp_ratio_clean,0.38597946907221165
A,R7805,DeepDenoiser,amp_ratio_clean,0.3492302452731464
A,R81A1,DeepDenoiser,amp_ratio_clean,0.4948497567049883
A,R8B57,DeepDenoiser,amp_ratio_clean,0.6585734850830502
A,R9634,DeepDenoiser,amp_ratio_clean,0.3857799366599432
A,RD4CB,DeepDenoiser,amp_ratio_clean,0.4406146974889217
A,S941D,DeepDenoiser,amp_ratio_clean,0.5642966450088553
B,R0ECF,DeepDenoiser,amp_ratio_clean,0.3439778866110525
B,R2004,DeepDenoiser,amp_ratio_clean,0.11875226513948292
B,R24AE,DeepDenoiser,amp_ratio_clean,0.30175249371677637
B,R3B66,DeepDenoiser,amp_ratio_clean,0.35626240936107934
B,R4DE2,DeepDenoiser,amp_ratio_clean,0.3488409720206012
B,R53B7,DeepDenoiser,amp_ratio_clean,0.5100952439631025
B,R5C4C,DeepDenoiser,amp_ratio_clean,0.2104451972991228
B,R663D,DeepDenoiser,amp_ratio_clean,0.4306971168455978
B,R686A,DeepDenoiser,amp_ratio_clean,0.29796682791008305
B,R6928,DeepDenoiser,amp_ratio_clean,0.2004443209928771
B,R77C3,DeepDenoiser,amp_ratio_clean,0.33039250286916894
B,R7813,DeepDenoiser,amp_ratio_clean,0.19288817662055846
B,R7BF6,DeepDenoiser,amp_ratio_clean,0.6320225592450394
B,R81CF,DeepDenoiser,amp_ratio_clean,0.3948871027678251
B,R8219,DeepDenoiser,amp_ratio_clean,0.10836159003277619
B,R87FD,DeepDenoiser,amp_ratio_clean,0.3623284580944865
B,R8A9B,DeepDenoiser,amp_ratio_clean,0.37186870256361243
B,R8D8E,DeepDenoiser,amp_ratio_clean,0.23684276283408204
B,R92E0,DeepDenoiser,amp_ratio_clean,0.3727072683783869
B,R976A,DeepDenoiser,amp_ratio_clean,0.24019562414226434
B,R985F,DeepDenoiser,amp_ratio_clean,0.5362814151061078
B,R9F13,DeepDenoiser,amp_ratio_clean,0.2661214257435252
B,RA825,DeepDenoiser,amp_ratio_clean,0.4594622862835725
B,RAB7F,DeepDenoiser,amp_ratio_clean,0.3887105469281475
B,RAC20,DeepDenoiser,amp_ratio_clean,0.3069158021050195
B,RB0FB,DeepDenoiser,amp_ratio_clean,0.15275979781290516
B,RB53D,DeepDenoiser,amp_ratio_clean,0.2735198854934424
B,RC131,DeepDenoiser,amp_ratio_clean,0.26325958749900263
B,RC2BF,DeepDenoiser,amp_ratio_clean,0.17439164655903974
B,RCBF0,DeepDenoiser,amp_ratio_clean,0.39800598192960024
B,RCCE6,DeepDenoiser,amp_ratio_clean,0.7276084094687745
B,RD349,DeepDenoiser,amp_ratio_clean,0.20612130969918022
B,RE8DB,DeepDenoiser,amp_ratio_clean,0.5831939183796445
A,R17EF,DeepDenoiser,corr_z,0.824227621410482
A,R1A27,DeepDenoiser,corr_z,0.5845147488590143
A,R28BA,DeepDenoiser,corr_z,0.6940710844226018
A,R36D4,DeepDenoiser,corr_z,0.8094874842825436
A,R3AE5,DeepDenoiser,corr_z,0.7556999856856615
A,R4017,DeepDenoiser,corr_z,0.5447557817138314
A,R68A5,DeepDenoiser,corr_z,0.6098711840573001
A,R6DB9,DeepDenoiser,corr_z,0.5391956393969656
A,R74A7,DeepDenoiser,corr_z,0.6304650849152479
A,R7805,DeepDenoiser,corr_z,0.605613945115852
A,R81A1,DeepDenoiser,corr_z,0.6108651462399668
A,R8B57,DeepDenoiser,corr_z,0.7579166798949052
A,R9634,DeepDenoiser,corr_z,0.6821610827939674
A,RD4CB,DeepDenoiser,corr_z,0.6649109956754837
A,S941D,DeepDenoiser,corr_z,0.7790173058264028
B,R0ECF,DeepDenoiser,corr_z,0.6390063834241981
B,R2004,DeepDenoiser,corr_z,0.5849152884070463
B,R24AE,DeepDenoiser,corr_z,0.5991545862366111
B,R3B66,DeepDenoiser,corr_z,0.6982977597401723
B,R4DE2,DeepDenoiser,corr_z,0.7021023717867529
B,R53B7,DeepDenoiser,corr_z,0.6147169104784997
B,R5C4C,DeepDenoiser,corr_z,0.5567011721845199
B,R663D,DeepDenoiser,corr_z,0.602297779256934
B,R686A,DeepDenoiser,corr_z,0.5882821037752618
B,R6928,DeepDenoiser,corr_z,0.6586748842969007
B,R77C3,DeepDenoiser,corr_z,0.6982096705664548
B,R7813,DeepDenoiser,corr_z,0.5848211347206544
B,R7BF6,DeepDenoiser,corr_z,0.5076136393325825
B,R81CF,DeepDenoiser,corr_z,0.5916154789136984
B,R8219,DeepDenoiser,corr_z,0.5347340706968495
B,R87FD,DeepDenoiser,corr_z,0.6014495679794968
B,R8A9B,DeepDenoiser,corr_z,0.5577402336813723
B,R8D8E,DeepDenoiser,corr_z,0.5583797402275891
B,R92E0,DeepDenoiser,corr_z,0.7558190679125752
B,R976A,DeepDenoiser,corr_z,0.6194022931984265
B,R985F,DeepDenoiser,corr_z,0.6298895166322289
B,R9F13,DeepDenoiser,corr_z,0.6598282114773686
B,RA825,DeepDenoiser,corr_z,0.47936587245561874
B,RAB7F,DeepDenoiser,corr_z,0.7216306509874563
B,RAC20,DeepDenoiser,corr_z,0.6522407360382697
B,RB0FB,DeepDenoiser,corr_z,0.5461206585698065
B,RB53D,DeepDenoiser,corr_z,0.6479860888576084
B,RC131,DeepDenoiser,corr_z,0.6175134939305856
B,RC2BF,DeepDenoiser,corr_z,0.6208794267922556
B,RCBF0,DeepDenoiser,corr_z,0.6237441663402311
B,RCCE6,DeepDenoiser,corr_z,0.8263448254003817
B,RD349,DeepDenoiser,corr_z,0.5450774502523646
B,RE8DB,DeepDenoiser,corr_z,0.8508233840948073
A,R17EF,DeepDenoiser,background_suppression_db,21.757067410259022
A,R1A27,DeepDenoiser,background_suppression_db,22.80287716782353
A,R28BA,DeepDenoiser,background_suppression_db,20.18425794562115
A,R36D4,DeepDenoiser,background_suppression_db,27.820793945625795
A,R3AE5,DeepDenoiser,background_suppression_db,23.94585156466631
A,R4017,DeepDenoiser,background_suppression_db,20.31523814152676
A,R68A5,DeepDenoiser,background_suppression_db,16.28743586897513
A,R6DB9,DeepDenoiser,background_suppression_db,23.40775293408856
A,R74A7,DeepDenoiser,background_suppression_db,24.92497805169226
A,R7805,DeepDenoiser,background_suppression_db,24.88530053198007
A,R81A1,DeepDenoiser,background_suppression_db,12.089410589637543
A,R8B57,DeepDenoiser,background_suppression_db,14.754418022088784
A,R9634,DeepDenoiser,background_suppression_db,15.22522246652361
A,RD4CB,DeepDenoiser,background_suppression_db,19.171926612170896
A,S941D,DeepDenoiser,background_suppression_db,19.662593459780354
B,R0ECF,DeepDenoiser,background_suppression_db,17.597443218182168
B,R2004,DeepDenoiser,background_suppression_db,32.982232164018164
B,R24AE,DeepDenoiser,background_suppression_db,17.2753746845582
B,R3B66,DeepDenoiser,background_suppression_db,23.70854856439354
B,R4DE2,DeepDenoiser,background_suppression_db,14.4897143160644
B,R53B7,DeepDenoiser,background_suppression_db,21.96142534654771
B,R5C4C,DeepDenoiser,background_suppression_db,21.7215296939976
B,R663D,DeepDenoiser,background_suppression_db,31.306611039248054
B,R686A,DeepDenoiser,background_suppression_db,27.0378569761378
B,R6928,DeepDenoiser,background_suppression_db,20.234524150592907
B,R77C3,DeepDenoiser,background_suppression_db,17.73146953509158
B,R7813,DeepDenoiser,background_suppression_db,21.88353870870942
B,R7BF6,DeepDenoiser,background_suppression_db,20.167546127841394
B,R81CF,DeepDenoiser,background_suppression_db,23.94730617165187
B,R8219,DeepDenoiser,background_suppression_db,25.66934834609911
B,R87FD,DeepDenoiser,background_suppression_db,21.025417017267447
B,R8A9B,DeepDenoiser,background_suppression_db,17.17353417964959
B,R8D8E,DeepDenoiser,background_suppression_db,23.854727596055117
B,R92E0,DeepDenoiser,background_suppression_db,13.511329801405902
B,R976A,DeepDenoiser,background_suppression_db,19.934996198814243
B,R985F,DeepDenoiser,background_suppression_db,22.594900226734637
B,R9F13,DeepDenoiser,background_suppression_db,22.66050922472894
B,RA825,DeepDenoiser,background_suppression_db,19.951283116999157
B,RAB7F,DeepDenoiser,background_suppression_db,28.700036907797692
B,RAC20,DeepDenoiser,background_suppression_db,17.76521133969599
B,RB0FB,DeepDenoiser,background_suppression_db,14.904161068437697
B,RB53D,DeepDenoiser,background_suppression_db,26.08066042297681
B,RC131,DeepDenoiser,background_suppression_db,23.752697510080488
B,RC2BF,DeepDenoiser,background_suppression_db,25.287423857720523
B,RCBF0,DeepDenoiser,background_suppression_db,14.574597500743067
B,RCCE6,DeepDenoiser,background_suppression_db,15.762379598864916
B,RD349,DeepDenoiser,background_suppression_db,26.077430564090644
B,RE8DB,DeepDenoiser,background_suppression_db,14.752513616063567
A,R17EF,Noisy,output_vs_clean_snr,7.302129718822882e-08
A,R1A27,Noisy,output_vs_clean_snr,4.551974522851117e-08
A,R28BA,Noisy,output_vs_clean_snr,3.2463059943902785e-08
A,R36D4,Noisy,output_vs_clean_snr,1.3015365904375694e-09
A,R3AE5,Noisy,output_vs_clean_snr,1.5634713770553944e-08
A,R4017,Noisy,output_vs_clean_snr,3.178410025707602e-08
A,R68A5,Noisy,output_vs_clean_snr,-2.3186211716029625e-08
A,R6DB9,Noisy,output_vs_clean_snr,4.233009218865989e-09
A,R74A7,Noisy,output_vs_clean_snr,-3.780846383297335e-08
A,R7805,Noisy,output_vs_clean_snr,-5.394829485196708e-08
A,R81A1,Noisy,output_vs_clean_snr,3.4462848361069175e-08
A,R8B57,Noisy,output_vs_clean_snr,8.233325790688131e-09
A,R9634,Noisy,output_vs_clean_snr,1.1847117081592379e-08
A,RD4CB,Noisy,output_vs_clean_snr,3.6670276773967904e-08
A,S941D,Noisy,output_vs_clean_snr,7.229401890298361e-08
B,R0ECF,Noisy,output_vs_clean_snr,3.8326704527957014e-08
B,R2004,Noisy,output_vs_clean_snr,-4.6636566105225556e-08
B,R24AE,Noisy,output_vs_clean_snr,2.0642656845739466e-09
B,R3B66,Noisy,output_vs_clean_snr,1.3513318131518743e-08
B,R4DE2,Noisy,output_vs_clean_snr,2.0967202892925973e-08
B,R53B7,Noisy,output_vs_clean_snr,-1.6535759427282841e-09
B,R5C4C,Noisy,output_vs_clean_snr,5.31980433470341e-08
B,R663D,Noisy,output_vs_clean_snr,5.412022555692459e-08
B,R686A,Noisy,output_vs_clean_snr,7.631330093296667e-09
B,R6928,Noisy,output_vs_clean_snr,-4.900978078933715e-09
B,R77C3,Noisy,output_vs_clean_snr,5.592197047377657e-08
B,R7813,Noisy,output_vs_clean_snr,1.5381410647221484e-08
B,R7BF6,Noisy,output_vs_clean_snr,-7.445275209231236e-09
B,R81CF,Noisy,output_vs_clean_snr,2.823662876939619e-08
B,R8219,Noisy,output_vs_clean_snr,3.771289614624522e-08
B,R87FD,Noisy,output_vs_clean_snr,5.892082226237276e-08
B,R8A9B,Noisy,output_vs_clean_snr,-6.024787205951806e-09
B,R8D8E,Noisy,output_vs_clean_snr,-2.72097613067353e-08
B,R92E0,Noisy,output_vs_clean_snr,1.4667042589149803e-08
B,R976A,Noisy,output_vs_clean_snr,5.262028133573566e-08
B,R985F,Noisy,output_vs_clean_snr,1.6291285543753993e-08
B,R9F13,Noisy,output_vs_clean_snr,-1.231223301848559e-08
B,RA825,Noisy,output_vs_clean_snr,-1.0781686913189715e-08
B,RAB7F,Noisy,output_vs_clean_snr,8.919802315695599e-08
B,RAC20,Noisy,output_vs_clean_snr,8.940921030204934e-09
B,RB0FB,Noisy,output_vs_clean_snr,-9.299678304062075e-08
B,RB53D,Noisy,output_vs_clean_snr,-2.5550623100249983e-08
B,RC131,Noisy,output_vs_clean_snr,-4.548371611197884e-08
B,RC2BF,Noisy,output_vs_clean_snr,2.7633949156261338e-08
B,RCBF0,Noisy,output_vs_clean_snr,1.3712350297808202e-07
B,RCCE6,Noisy,output_vs_clean_snr,-2.8839449182658816e-08
B,RD349,Noisy,output_vs_clean_snr,1.4236807840250897e-08
B,RE8DB,Noisy,output_vs_clean_snr,8.088047100000297e-09
A,R17EF,Noisy,amp_ratio_clean,1.4899766852981167
A,R1A27,Noisy,amp_ratio_clean,1.482150860000075
A,R28BA,Noisy,amp_ratio_clean,2.082842664586173
A,R36D4,Noisy,amp_ratio_clean,1.2575760903181854
A,R3AE5,Noisy,amp_ratio_clean,1.388498541381624
A,R4017,Noisy,amp_ratio_clean,3.691899374679283
A,R68A5,Noisy,amp_ratio_clean,2.8263699853861772
A,R6DB9,Noisy,amp_ratio_clean,4.317606678715459
A,R74A7,Noisy,amp_ratio_clean,1.9996286663744185
A,R7805,Noisy,amp_ratio_clean,2.6263999762358488
A,R81A1,Noisy,amp_ratio_clean,2.7619727099383318
A,R8B57,Noisy,amp_ratio_clean,3.019757843679852
A,R9634,Noisy,amp_ratio_clean,1.827011243060783
A,RD4CB,Noisy,amp_ratio_clean,1.7329779929584928
A,S941D,Noisy,amp_ratio_clean,1.4163446779604312
B,R0ECF,Noisy,amp_ratio_clean,1.465814898411433
B,R2004,Noisy,amp_ratio_clean,1.669145373503367
B,R24AE,Noisy,amp_ratio_clean,1.5796574105819066
B,R3B66,Noisy,amp_ratio_clean,1.396630662182967
B,R4DE2,Noisy,amp_ratio_clean,1.8488263189792633
B,R53B7,Noisy,amp_ratio_clean,3.1555951883395514
B,R5C4C,Noisy,amp_ratio_clean,1.418552373846372
B,R663D,Noisy,amp_ratio_clean,1.903922791282336
B,R686A,Noisy,amp_ratio_clean,1.9951304445664089
B,R6928,Noisy,amp_ratio_clean,1.3944735527038574
B,R77C3,Noisy,amp_ratio_clean,1.5032241741816204
B,R7813,Noisy,amp_ratio_clean,2.251651077358811
B,R7BF6,Noisy,amp_ratio_clean,1.6970323746403058
B,R81CF,Noisy,amp_ratio_clean,3.1001093834638596
B,R8219,Noisy,amp_ratio_clean,1.9356816709041595
B,R87FD,Noisy,amp_ratio_clean,1.7176388016453497
B,R8A9B,Noisy,amp_ratio_clean,5.9065439105033875
B,R8D8E,Noisy,amp_ratio_clean,1.3133690804243088
B,R92E0,Noisy,amp_ratio_clean,1.499911218881607
B,R976A,Noisy,amp_ratio_clean,1.5433934877316158
B,R985F,Noisy,amp_ratio_clean,3.916168366869291
B,R9F13,Noisy,amp_ratio_clean,1.358039063711961
B,RA825,Noisy,amp_ratio_clean,1.877061516046524
B,RAB7F,Noisy,amp_ratio_clean,1.8228647532286468
B,RAC20,Noisy,amp_ratio_clean,1.90864301721255
B,RB0FB,Noisy,amp_ratio_clean,1.339622902373473
B,RB53D,Noisy,amp_ratio_clean,1.5082574486732483
B,RC131,Noisy,amp_ratio_clean,1.5362353444099426
B,RC2BF,Noisy,amp_ratio_clean,1.791023386021455
B,RCBF0,Noisy,amp_ratio_clean,2.7466474349300065
B,RCCE6,Noisy,amp_ratio_clean,1.370802194983871
B,RD349,Noisy,amp_ratio_clean,1.994662528236707
B,RE8DB,Noisy,amp_ratio_clean,1.156084420780341
A,R17EF,Noisy,corr_z,0.786477802540843
A,R1A27,Noisy,corr_z,0.751149091568685
A,R28BA,Noisy,corr_z,0.6480159444473892
A,R36D4,Noisy,corr_z,0.8698545626851876
A,R3AE5,Noisy,corr_z,0.8950981434031815
A,R4017,Noisy,corr_z,0.5595082981015262
A,R68A5,Noisy,corr_z,0.7328046208837639
A,R6DB9,Noisy,corr_z,0.5526515908130198
A,R74A7,Noisy,corr_z,0.7520985165957202
A,R7805,Noisy,corr_z,0.5687245706299785
A,R81A1,Noisy,corr_z,0.6720051242500573
A,R8B57,Noisy,corr_z,0.6074615362976
A,R9634,Noisy,corr_z,0.7396877282350033
A,RD4CB,Noisy,corr_z,0.7901250761123264
A,S941D,Noisy,corr_z,0.7468787828053249
B,R0ECF,Noisy,corr_z,0.7375408931755375
B,R2004,Noisy,corr_z,0.6763321533311982
B,R24AE,Noisy,corr_z,0.7075428611548985
B,R3B66,Noisy,corr_z,0.7612598642851335
B,R4DE2,Noisy,corr_z,0.6967135694532823
B,R53B7,Noisy,corr_z,0.3990149780413265
B,R5C4C,Noisy,corr_z,0.7746620264211552
B,R663D,Noisy,corr_z,0.7638391453564496
B,R686A,Noisy,corr_z,0.7242974082011943
B,R6928,Noisy,corr_z,0.7327045683317389
B,R77C3,Noisy,corr_z,0.680788278132916
B,R7813,Noisy,corr_z,0.6320310823962414
B,R7BF6,Noisy,corr_z,0.66638205578923
B,R81CF,Noisy,corr_z,0.677441299693648
B,R8219,Noisy,corr_z,0.7123586194092396
B,R87FD,Noisy,corr_z,0.6616670894776638
B,R8A9B,Noisy,corr_z,0.6728224387165334
B,R8D8E,Noisy,corr_z,0.6666300944044868
B,R92E0,Noisy,corr_z,0.7780654731516471
B,R976A,Noisy,corr_z,0.6928050762513175
B,R985F,Noisy,corr_z,0.5832472214640129
B,R9F13,Noisy,corr_z,0.6930999773054743
B,RA825,Noisy,corr_z,0.703548422112199
B,RAB7F,Noisy,corr_z,0.7493890149387232
B,RAC20,Noisy,corr_z,0.6812673890237315
B,RB0FB,Noisy,corr_z,0.7175558809379448
B,RB53D,Noisy,corr_z,0.7168683470173575
B,RC131,Noisy,corr_z,0.7141224206725824
B,RC2BF,Noisy,corr_z,0.6665234946797459
B,RCBF0,Noisy,corr_z,0.6763876466936366
B,RCCE6,Noisy,corr_z,0.7652511974624027
B,RD349,Noisy,corr_z,0.5428008088824613
B,RE8DB,Noisy,corr_z,0.8161636347993569
A,R17EF,Noisy,background_suppression_db,-5.456063297604199e-14
A,R1A27,Noisy,background_suppression_db,-9.200022391433192e-14
A,R28BA,Noisy,background_suppression_db,-9.714706329722368e-14
A,R36D4,Noisy,background_suppression_db,-8.275358296311101e-14
A,R3AE5,Noisy,background_suppression_db,-9.689705247256002e-14
A,R4017,Noisy,background_suppression_db,-1.6320349475612572e-13
A,R68A5,Noisy,background_suppression_db,-1.0434380346427701e-13
A,R6DB9,Noisy,background_suppression_db,-1.2555900772845032e-13
A,R74A7,Noisy,background_suppression_db,-1.0070078859063085e-13
A,R7805,Noisy,background_suppression_db,-1.4173827966728875e-13
A,R81A1,Noisy,background_suppression_db,-1.269519251801416e-13
A,R8B57,Noisy,background_suppression_db,-9.893285490195014e-14
A,R9634,Noisy,background_suppression_db,-1.2277317282507437e-13
A,RD4CB,Noisy,background_suppression_db,-7.343175078642903e-14
A,S941D,Noisy,background_suppression_db,-7.57175640404813e-14
B,R0ECF,Noisy,background_suppression_db,-1.5429239464852623e-14
B,R2004,Noisy,background_suppression_db,-1.2394822370099254e-13
B,R24AE,Noisy,background_suppression_db,-4.355545723932378e-14
B,R3B66,Noisy,background_suppression_db,-3.273891748948513e-13
B,R4DE2,Noisy,background_suppression_db,-1.8081139997874136e-15
B,R53B7,Noisy,background_suppression_db,-6.991374132511337e-15
B,R5C4C,Noisy,background_suppression_db,-4.299293288383407e-15
B,R663D,Noisy,background_suppression_db,-2.941198772987532e-14
B,R686A,Noisy,background_suppression_db,-2.4586332365998985e-13
B,R6928,Noisy,background_suppression_db,-1.358496318506958e-13
B,R77C3,Noisy,background_suppression_db,-2.173353027744509e-13
B,R7813,Noisy,background_suppression_db,-1.0914758288099529e-13
B,R7BF6,Noisy,background_suppression_db,-4.178752355064273e-14
B,R81CF,Noisy,background_suppression_db,-1.9166008397746614e-14
B,R8219,Noisy,background_suppression_db,-2.3384941063917273e-14
B,R87FD,Noisy,background_suppression_db,-3.8005216931829486e-13
B,R8A9B,Noisy,background_suppression_db,-3.612209968464212e-14
B,R8D8E,Noisy,background_suppression_db,-2.8568201196641195e-14
B,R92E0,Noisy,background_suppression_db,-2.0447760322041027e-13
B,R976A,Noisy,background_suppression_db,-2.1978630175193706e-14
B,R985F,Noisy,background_suppression_db,-1.0864756123167242e-13
B,R9F13,Noisy,background_suppression_db,-3.4755969107024836e-14
B,RA825,Noisy,background_suppression_db,-6.633769363664575e-14
B,RAB7F,Noisy,background_suppression_db,-2.046517179018649e-14
B,RAC20,Noisy,background_suppression_db,-2.8612399538859156e-13
B,RB0FB,Noisy,background_suppression_db,-7.200311750264625e-14
B,RB53D,Noisy,background_suppression_db,-2.404389816606253e-13
B,RC131,Noisy,background_suppression_db,-1.9575847571032128e-13
B,RC2BF,Noisy,background_suppression_db,-3.1782626085152894e-13
B,RCBF0,Noisy,background_suppression_db,-5.6694418971112364e-14
B,RCCE6,Noisy,background_suppression_db,-7.950344224250785e-14
B,RD349,Noisy,background_suppression_db,-5.88641557708573e-14
B,RE8DB,Noisy,background_suppression_db,-2.753958523231845e-13
A,R17EF,Wiener_blind,output_vs_clean_snr,2.290420782433218
A,R1A27,Wiener_blind,output_vs_clean_snr,2.9822720365766164
A,R28BA,Wiener_blind,output_vs_clean_snr,1.5406843772167582
A,R36D4,Wiener_blind,output_vs_clean_snr,2.071885103616371
A,R3AE5,Wiener_blind,output_vs_clean_snr,2.8013352917056307
A,R4017,Wiener_blind,output_vs_clean_snr,1.7785804183301028
A,R68A5,Wiener_blind,output_vs_clean_snr,1.6048891767636537
A,R6DB9,Wiener_blind,output_vs_clean_snr,3.3704615098965385
A,R74A7,Wiener_blind,output_vs_clean_snr,3.228779888729744
A,R7805,Wiener_blind,output_vs_clean_snr,2.3384888448676175
A,R81A1,Wiener_blind,output_vs_clean_snr,1.2665951393098487
A,R8B57,Wiener_blind,output_vs_clean_snr,4.361653273107183
A,R9634,Wiener_blind,output_vs_clean_snr,1.612670896212212
A,RD4CB,Wiener_blind,output_vs_clean_snr,2.2054439577644733
A,S941D,Wiener_blind,output_vs_clean_snr,1.255136394216702
B,R0ECF,Wiener_blind,output_vs_clean_snr,1.4487464290344854
B,R2004,Wiener_blind,output_vs_clean_snr,2.2411325406655616
B,R24AE,Wiener_blind,output_vs_clean_snr,2.5678740768228936
B,R3B66,Wiener_blind,output_vs_clean_snr,2.3571205269697617
B,R4DE2,Wiener_blind,output_vs_clean_snr,2.089166933455626
B,R53B7,Wiener_blind,output_vs_clean_snr,2.53270035472986
B,R5C4C,Wiener_blind,output_vs_clean_snr,2.6254479841874425
B,R663D,Wiener_blind,output_vs_clean_snr,2.70637857654105
B,R686A,Wiener_blind,output_vs_clean_snr,0.5453557874905393
B,R6928,Wiener_blind,output_vs_clean_snr,2.018593052108875
B,R77C3,Wiener_blind,output_vs_clean_snr,2.671885049710062
B,R7813,Wiener_blind,output_vs_clean_snr,2.0731778685018645
B,R7BF6,Wiener_blind,output_vs_clean_snr,0.9092529159883652
B,R81CF,Wiener_blind,output_vs_clean_snr,2.757523944089112
B,R8219,Wiener_blind,output_vs_clean_snr,1.6185095067201811
B,R87FD,Wiener_blind,output_vs_clean_snr,1.5850322691734728
B,R8A9B,Wiener_blind,output_vs_clean_snr,1.1769497517939278
B,R8D8E,Wiener_blind,output_vs_clean_snr,1.4866126092897505
B,R92E0,Wiener_blind,output_vs_clean_snr,0.9551542385273284
B,R976A,Wiener_blind,output_vs_clean_snr,2.354387081382266
B,R985F,Wiener_blind,output_vs_clean_snr,1.1918688724727378
B,R9F13,Wiener_blind,output_vs_clean_snr,1.7303448165096225
B,RA825,Wiener_blind,output_vs_clean_snr,0.549933686315656
B,RAB7F,Wiener_blind,output_vs_clean_snr,2.8751395511395845
B,RAC20,Wiener_blind,output_vs_clean_snr,1.494967532063729
B,RB0FB,Wiener_blind,output_vs_clean_snr,1.1274950635059842
B,RB53D,Wiener_blind,output_vs_clean_snr,2.4464135991960174
B,RC131,Wiener_blind,output_vs_clean_snr,0.8696078737020609
B,RC2BF,Wiener_blind,output_vs_clean_snr,1.7289852516885098
B,RCBF0,Wiener_blind,output_vs_clean_snr,1.415626141723654
B,RCCE6,Wiener_blind,output_vs_clean_snr,0.9391828673047444
B,RD349,Wiener_blind,output_vs_clean_snr,1.8417867250959856
B,RE8DB,Wiener_blind,output_vs_clean_snr,1.0124771847137712
A,R17EF,Wiener_blind,amp_ratio_clean,1.0313846761720222
A,R1A27,Wiener_blind,amp_ratio_clean,0.9788990543599714
A,R28BA,Wiener_blind,amp_ratio_clean,1.54850568373998
A,R36D4,Wiener_blind,amp_ratio_clean,1.1181236825607441
A,R3AE5,Wiener_blind,amp_ratio_clean,1.2025614932731346
A,R4017,Wiener_blind,amp_ratio_clean,2.9664867796279766
A,R68A5,Wiener_blind,amp_ratio_clean,2.2042979266908436
A,R6DB9,Wiener_blind,amp_ratio_clean,3.012439120698858
A,R74A7,Wiener_blind,amp_ratio_clean,1.6201200352774725
A,R7805,Wiener_blind,amp_ratio_clean,2.143490081584012
A,R81A1,Wiener_blind,amp_ratio_clean,2.105934672885471
A,R8B57,Wiener_blind,amp_ratio_clean,1.8737409854376759
A,R9634,Wiener_blind,amp_ratio_clean,1.610832073070385
A,RD4CB,Wiener_blind,amp_ratio_clean,1.2839632619310308
A,S941D,Wiener_blind,amp_ratio_clean,1.273765833289535
B,R0ECF,Wiener_blind,amp_ratio_clean,0.9787666176756223
B,R2004,Wiener_blind,amp_ratio_clean,1.1172114451726278
B,R24AE,Wiener_blind,amp_ratio_clean,0.995894193649292
B,R3B66,Wiener_blind,amp_ratio_clean,0.9959344044327736
B,R4DE2,Wiener_blind,amp_ratio_clean,1.3758405496676762
B,R53B7,Wiener_blind,amp_ratio_clean,2.5169341241319976
B,R5C4C,Wiener_blind,amp_ratio_clean,1.1417489821712177
B,R663D,Wiener_blind,amp_ratio_clean,1.3774883622924488
B,R686A,Wiener_blind,amp_ratio_clean,1.849246380229791
B,R6928,Wiener_blind,amp_ratio_clean,0.9351428064207236
B,R77C3,Wiener_blind,amp_ratio_clean,1.0511478694776695
B,R7813,Wiener_blind,amp_ratio_clean,0.7631762171233142
B,R7BF6,Wiener_blind,amp_ratio_clean,1.5100830867886543
B,R81CF,Wiener_blind,amp_ratio_clean,1.6109984517097473
B,R8219,Wiener_blind,amp_ratio_clean,1.5659343923131626
B,R87FD,Wiener_blind,amp_ratio_clean,1.2184162338574727
B,R8A9B,Wiener_blind,amp_ratio_clean,4.803110773364703
B,R8D8E,Wiener_blind,amp_ratio_clean,1.0267569770415623
B,R92E0,Wiener_blind,amp_ratio_clean,1.1245241935054462
B,R976A,Wiener_blind,amp_ratio_clean,0.9417177041371664
B,R985F,Wiener_blind,amp_ratio_clean,3.3290259217222533
B,R9F13,Wiener_blind,amp_ratio_clean,1.0425320292512577
B,RA825,Wiener_blind,amp_ratio_clean,1.7535389835635822
B,RAB7F,Wiener_blind,amp_ratio_clean,1.0900733360537775
B,RAC20,Wiener_blind,amp_ratio_clean,1.5492549389600754
B,RB0FB,Wiener_blind,amp_ratio_clean,1.1224085316061974
B,RB53D,Wiener_blind,amp_ratio_clean,1.01948631554842
B,RC131,Wiener_blind,amp_ratio_clean,1.2874542514483134
B,RC2BF,Wiener_blind,amp_ratio_clean,0.8532417863607407
B,RCBF0,Wiener_blind,amp_ratio_clean,2.1441916450858116
B,RCCE6,Wiener_blind,amp_ratio_clean,1.296916339132521
B,RD349,Wiener_blind,amp_ratio_clean,1.3959942360719044
B,RE8DB,Wiener_blind,amp_ratio_clean,1.0426114425063133
A,R17EF,Wiener_blind,corr_z,0.8456880467278685
A,R1A27,Wiener_blind,corr_z,0.7588576573376431
A,R28BA,Wiener_blind,corr_z,0.6774699278824864
A,R36D4,Wiener_blind,corr_z,0.8744225226412529
A,R3AE5,Wiener_blind,corr_z,0.9096390653817207
A,R4017,Wiener_blind,corr_z,0.5720127637008228
A,R68A5,Wiener_blind,corr_z,0.7321555980471638
A,R6DB9,Wiener_blind,corr_z,0.5800090601055826
A,R74A7,Wiener_blind,corr_z,0.770052848046303
A,R7805,Wiener_blind,corr_z,0.5808432276656782
A,R81A1,Wiener_blind,corr_z,0.673789254618555
A,R8B57,Wiener_blind,corr_z,0.7135653069656364
A,R9634,Wiener_blind,corr_z,0.740744769136199
A,RD4CB,Wiener_blind,corr_z,0.7891584941410812
A,S941D,Wiener_blind,corr_z,0.7701037204752456
B,R0ECF,Wiener_blind,corr_z,0.7207564192812669
B,R2004,Wiener_blind,corr_z,0.6559519050064037
B,R24AE,Wiener_blind,corr_z,0.7163996621239859
B,R3B66,Wiener_blind,corr_z,0.744019519687126
B,R4DE2,Wiener_blind,corr_z,0.7256362477547648
B,R53B7,Wiener_blind,corr_z,0.47703194476608984
B,R5C4C,Wiener_blind,corr_z,0.7803380441235269
B,R663D,Wiener_blind,corr_z,0.7863079563991849
B,R686A,Wiener_blind,corr_z,0.7185344137506652
B,R6928,Wiener_blind,corr_z,0.6565204567717893
B,R77C3,Wiener_blind,corr_z,0.6790696096478529
B,R7813,Wiener_blind,corr_z,0.6427074886165646
B,R7BF6,Wiener_blind,corr_z,0.6785089832168043
B,R81CF,Wiener_blind,corr_z,0.6490637639229139
B,R8219,Wiener_blind,corr_z,0.7022929039829643
B,R87FD,Wiener_blind,corr_z,0.6645881100007005
B,R8A9B,Wiener_blind,corr_z,0.6846762039169793
B,R8D8E,Wiener_blind,corr_z,0.6539643192161736
B,R92E0,Wiener_blind,corr_z,0.7598870066127974
B,R976A,Wiener_blind,corr_z,0.6749996282200493
B,R985F,Wiener_blind,corr_z,0.5643102787775452
B,R9F13,Wiener_blind,corr_z,0.6847435312152067
B,RA825,Wiener_blind,corr_z,0.7039876164129028
B,RAB7F,Wiener_blind,corr_z,0.7621917076121855
B,RAC20,Wiener_blind,corr_z,0.674098394810181
B,RB0FB,Wiener_blind,corr_z,0.7213449905450634
B,RB53D,Wiener_blind,corr_z,0.7364738547153253
B,RC131,Wiener_blind,corr_z,0.7061382436177509
B,RC2BF,Wiener_blind,corr_z,0.6013973149694811
B,RCBF0,Wiener_blind,corr_z,0.6740162182673154
B,RCCE6,Wiener_blind,corr_z,0.7745274010128602
B,RD349,Wiener_blind,corr_z,0.5805861719436874
B,RE8DB,Wiener_blind,corr_z,0.808583234173315
A,R17EF,Wiener_blind,background_suppression_db,2.5254374727043594
A,R1A27,Wiener_blind,background_suppression_db,4.298138700881259
A,R28BA,Wiener_blind,background_suppression_db,1.558895866077927
A,R36D4,Wiener_blind,background_suppression_db,1.834116296624307
A,R3AE5,Wiener_blind,background_suppression_db,3.548967573961522
A,R4017,Wiener_blind,background_suppression_db,1.6008963187787753
A,R68A5,Wiener_blind,background_suppression_db,1.2021581061832844
A,R6DB9,Wiener_blind,background_suppression_db,4.423942304667761
A,R74A7,Wiener_blind,background_suppression_db,3.5877375843730954
A,R7805,Wiener_blind,background_suppression_db,2.884592613872233
A,R81A1,Wiener_blind,background_suppression_db,0.9063658218302552
A,R8B57,Wiener_blind,background_suppression_db,3.5577813070841073
A,R9634,Wiener_blind,background_suppression_db,1.7241993993574054
A,RD4CB,Wiener_blind,background_suppression_db,2.449364095306685
A,S941D,Wiener_blind,background_suppression_db,1.188926373287731
B,R0ECF,Wiener_blind,background_suppression_db,2.2740388203120374
B,R2004,Wiener_blind,background_suppression_db,3.3671308403708404
B,R24AE,Wiener_blind,background_suppression_db,3.671341085437517
B,R3B66,Wiener_blind,background_suppression_db,2.462388368244026
B,R4DE2,Wiener_blind,background_suppression_db,1.7709821062424211
B,R53B7,Wiener_blind,background_suppression_db,2.2497496402518506
B,R5C4C,Wiener_blind,background_suppression_db,2.1925590771212207
B,R663D,Wiener_blind,background_suppression_db,4.527274577272973
B,R686A,Wiener_blind,background_suppression_db,0.4375982628918353
B,R6928,Wiener_blind,background_suppression_db,3.475983202116488
B,R77C3,Wiener_blind,background_suppression_db,3.259224035241178
B,R7813,Wiener_blind,background_suppression_db,2.571151684191523
B,R7BF6,Wiener_blind,background_suppression_db,0.6984927574115174
B,R81CF,Wiener_blind,background_suppression_db,5.368764809353532
B,R8219,Wiener_blind,background_suppression_db,1.7176796623809187
B,R87FD,Wiener_blind,background_suppression_db,1.4210121844364252
B,R8A9B,Wiener_blind,background_suppression_db,1.0125966932062598
B,R8D8E,Wiener_blind,background_suppression_db,2.4252258774024047
B,R92E0,Wiener_blind,background_suppression_db,1.0993487156318151
B,R976A,Wiener_blind,background_suppression_db,3.4805020428895315
B,R985F,Wiener_blind,background_suppression_db,0.8418540930160159
B,R9F13,Wiener_blind,background_suppression_db,2.2058772509844675
B,RA825,Wiener_blind,background_suppression_db,0.4922345283485458
B,RAB7F,Wiener_blind,background_suppression_db,3.7022185989290355
B,RAC20,Wiener_blind,background_suppression_db,1.907225712954076
B,RB0FB,Wiener_blind,background_suppression_db,1.5398190718079736
B,RB53D,Wiener_blind,background_suppression_db,3.1299881838415886
B,RC131,Wiener_blind,background_suppression_db,1.3350582913767497
B,RC2BF,Wiener_blind,background_suppression_db,2.7531078317248387
B,RCBF0,Wiener_blind,background_suppression_db,1.8348465917222283
B,RCCE6,Wiener_blind,background_suppression_db,0.7225827106703824
B,RD349,Wiener_blind,background_suppression_db,1.868137614911813
B,RE8DB,Wiener_blind,background_suppression_db,1.5559703344149598
A,R17EF,Wiener_oracle,output_vs_clean_snr,7.6209297117162
A,R1A27,Wiener_oracle,output_vs_clean_snr,5.404115916244473
A,R28BA,Wiener_oracle,output_vs_clean_snr,4.502951302851769
A,R36D4,Wiener_oracle,output_vs_clean_snr,8.572213599073583
A,R3AE5,Wiener_oracle,output_vs_clean_snr,7.290412353255386
A,R4017,Wiener_oracle,output_vs_clean_snr,5.773221591378042
A,R68A5,Wiener_oracle,output_vs_clean_snr,3.988944397258816
A,R6DB9,Wiener_oracle,output_vs_clean_snr,6.959704299124716
A,R74A7,Wiener_oracle,output_vs_clean_snr,8.766051248756794
A,R7805,Wiener_oracle,output_vs_clean_snr,5.557170144681619
A,R81A1,Wiener_oracle,output_vs_clean_snr,3.9894107122946414
A,R8B57,Wiener_oracle,output_vs_clean_snr,7.808982260948097
A,R9634,Wiener_oracle,output_vs_clean_snr,4.142997830692655
A,RD4CB,Wiener_oracle,output_vs_clean_snr,4.168954732636824
A,S941D,Wiener_oracle,output_vs_clean_snr,5.972644290910083
B,R0ECF,Wiener_oracle,output_vs_clean_snr,3.4195741927966057
B,R2004,Wiener_oracle,output_vs_clean_snr,3.870153866959885
B,R24AE,Wiener_oracle,output_vs_clean_snr,2.932510032459947
B,R3B66,Wiener_oracle,output_vs_clean_snr,4.2594830837675515
B,R4DE2,Wiener_oracle,output_vs_clean_snr,2.2138508695141916
B,R53B7,Wiener_oracle,output_vs_clean_snr,5.032795487940805
B,R5C4C,Wiener_oracle,output_vs_clean_snr,2.2468758820200176
B,R663D,Wiener_oracle,output_vs_clean_snr,3.6093670120202836
B,R686A,Wiener_oracle,output_vs_clean_snr,2.4740410815505447
B,R6928,Wiener_oracle,output_vs_clean_snr,3.8073151155244767
B,R77C3,Wiener_oracle,output_vs_clean_snr,4.451742495261041
B,R7813,Wiener_oracle,output_vs_clean_snr,3.016245307322183
B,R7BF6,Wiener_oracle,output_vs_clean_snr,4.7375617731228274
B,R81CF,Wiener_oracle,output_vs_clean_snr,4.14268527216091
B,R8219,Wiener_oracle,output_vs_clean_snr,2.90915068820232
B,R87FD,Wiener_oracle,output_vs_clean_snr,3.189218266603135
B,R8A9B,Wiener_oracle,output_vs_clean_snr,4.809611154344518
B,R8D8E,Wiener_oracle,output_vs_clean_snr,2.810971829145649
B,R92E0,Wiener_oracle,output_vs_clean_snr,3.118628499543862
B,R976A,Wiener_oracle,output_vs_clean_snr,2.4454134830554954
B,R985F,Wiener_oracle,output_vs_clean_snr,4.686086229847866
B,R9F13,Wiener_oracle,output_vs_clean_snr,2.543293275887381
B,RA825,Wiener_oracle,output_vs_clean_snr,3.1487948010929827
B,RAB7F,Wiener_oracle,output_vs_clean_snr,5.282408862028617
B,RAC20,Wiener_oracle,output_vs_clean_snr,5.884082012773027
B,RB0FB,Wiener_oracle,output_vs_clean_snr,2.167765079540048
B,RB53D,Wiener_oracle,output_vs_clean_snr,5.0085854629168205
B,RC131,Wiener_oracle,output_vs_clean_snr,3.8097491897473765
B,RC2BF,Wiener_oracle,output_vs_clean_snr,3.405173247609357
B,RCBF0,Wiener_oracle,output_vs_clean_snr,2.105124818677712
B,RCCE6,Wiener_oracle,output_vs_clean_snr,5.558839457453793
B,RD349,Wiener_oracle,output_vs_clean_snr,2.8094510937017936
B,RE8DB,Wiener_oracle,output_vs_clean_snr,5.591897417511333
A,R17EF,Wiener_oracle,amp_ratio_clean,0.7478416567308861
A,R1A27,Wiener_oracle,amp_ratio_clean,0.5956288382672427
A,R28BA,Wiener_oracle,amp_ratio_clean,0.6020274609327316
A,R36D4,Wiener_oracle,amp_ratio_clean,0.7440423220396042
A,R3AE5,Wiener_oracle,amp_ratio_clean,0.8864365600877337
A,R4017,Wiener_oracle,amp_ratio_clean,0.5391343746472288
A,R68A5,Wiener_oracle,amp_ratio_clean,0.5235961007851141
A,R6DB9,Wiener_oracle,amp_ratio_clean,0.585712010178853
A,R74A7,Wiener_oracle,amp_ratio_clean,0.6533164998723401
A,R7805,Wiener_oracle,amp_ratio_clean,0.5232588859895865
A,R81A1,Wiener_oracle,amp_ratio_clean,0.4029092186441024
A,R8B57,Wiener_oracle,amp_ratio_clean,0.6630521200045392
A,R9634,Wiener_oracle,amp_ratio_clean,0.4794133366430523
A,RD4CB,Wiener_oracle,amp_ratio_clean,0.532530257202409
A,S941D,Wiener_oracle,amp_ratio_clean,0.6409134903094835
B,R0ECF,Wiener_oracle,amp_ratio_clean,0.4118703007698059
B,R2004,Wiener_oracle,amp_ratio_clean,0.42140491902828214
B,R24AE,Wiener_oracle,amp_ratio_clean,0.369926569207261
B,R3B66,Wiener_oracle,amp_ratio_clean,0.5898086543505391
B,R4DE2,Wiener_oracle,amp_ratio_clean,0.2442314486640195
B,R53B7,Wiener_oracle,amp_ratio_clean,0.4771634320107599
B,R5C4C,Wiener_oracle,amp_ratio_clean,0.27904130254561704
B,R663D,Wiener_oracle,amp_ratio_clean,0.6351062413305044
B,R686A,Wiener_oracle,amp_ratio_clean,0.3270637307238455
B,R6928,Wiener_oracle,amp_ratio_clean,0.4408231864993771
B,R77C3,Wiener_oracle,amp_ratio_clean,0.3861156937976678
B,R7813,Wiener_oracle,amp_ratio_clean,0.3283779804629308
B,R7BF6,Wiener_oracle,amp_ratio_clean,0.5317766011382142
B,R81CF,Wiener_oracle,amp_ratio_clean,0.6238447073847055
B,R8219,Wiener_oracle,amp_ratio_clean,0.3153152788678805
B,R87FD,Wiener_oracle,amp_ratio_clean,0.486901951332887
B,R8A9B,Wiener_oracle,amp_ratio_clean,0.8064514348904291
B,R8D8E,Wiener_oracle,amp_ratio_clean,0.3772659059613943
B,R92E0,Wiener_oracle,amp_ratio_clean,0.6028740753730139
B,R976A,Wiener_oracle,amp_ratio_clean,0.32405823562294245
B,R985F,Wiener_oracle,amp_ratio_clean,0.69962346740067
B,R9F13,Wiener_oracle,amp_ratio_clean,0.35466609336435795
B,RA825,Wiener_oracle,amp_ratio_clean,0.46333115578939515
B,RAB7F,Wiener_oracle,amp_ratio_clean,0.578752922239127
B,RAC20,Wiener_oracle,amp_ratio_clean,0.6458787452429533
B,RB0FB,Wiener_oracle,amp_ratio_clean,0.3515215306930865
B,RB53D,Wiener_oracle,amp_ratio_clean,0.6287266202270985
B,RC131,Wiener_oracle,amp_ratio_clean,0.6965901532520851
B,RC2BF,Wiener_oracle,amp_ratio_clean,0.34596342251946527
B,RCBF0,Wiener_oracle,amp_ratio_clean,0.43691193871200085
B,RCCE6,Wiener_oracle,amp_ratio_clean,0.6682117517899584
B,RD349,Wiener_oracle,amp_ratio_clean,0.443806741386652
B,RE8DB,Wiener_oracle,amp_ratio_clean,0.6770017988358935
A,R17EF,Wiener_oracle,corr_z,0.906947582054427
A,R1A27,Wiener_oracle,corr_z,0.8446092611613241
A,R28BA,Wiener_oracle,corr_z,0.7668896774910491
A,R36D4,Wiener_oracle,corr_z,0.9107814766758305
A,R3AE5,Wiener_oracle,corr_z,0.939407521077303
A,R4017,Wiener_oracle,corr_z,0.7445647474626953
A,R68A5,Wiener_oracle,corr_z,0.7803286091780705
A,R6DB9,Wiener_oracle,corr_z,0.8247291121934549
A,R74A7,Wiener_oracle,corr_z,0.8552545041473584
A,R7805,Wiener_oracle,corr_z,0.7790211129216167
A,R81A1,Wiener_oracle,corr_z,0.701263219116764
A,R8B57,Wiener_oracle,corr_z,0.8832639238295327
A,R9634,Wiener_oracle,corr_z,0.806184028542953
A,RD4CB,Wiener_oracle,corr_z,0.8263439735256513
A,S941D,Wiener_oracle,corr_z,0.8888850205061691
B,R0ECF,Wiener_oracle,corr_z,0.7478019893436428
B,R2004,Wiener_oracle,corr_z,0.7815237926427422
B,R24AE,Wiener_oracle,corr_z,0.7586461144568223
B,R3B66,Wiener_oracle,corr_z,0.8028947196712654
B,R4DE2,Wiener_oracle,corr_z,0.7318366660876813
B,R53B7,Wiener_oracle,corr_z,0.7246393854770065
B,R5C4C,Wiener_oracle,corr_z,0.7195608713565349
B,R663D,Wiener_oracle,corr_z,0.8498080954269213
B,R686A,Wiener_oracle,corr_z,0.6779081614563559
B,R6928,Wiener_oracle,corr_z,0.8055013196740135
B,R77C3,Wiener_oracle,corr_z,0.7809118352579286
B,R7813,Wiener_oracle,corr_z,0.6466234374325347
B,R7BF6,Wiener_oracle,corr_z,0.7597366811296867
B,R81CF,Wiener_oracle,corr_z,0.8021158471721476
B,R8219,Wiener_oracle,corr_z,0.7431300915650763
B,R87FD,Wiener_oracle,corr_z,0.7305831122361321
B,R8A9B,Wiener_oracle,corr_z,0.8127253518366365
B,R8D8E,Wiener_oracle,corr_z,0.7010596745245365
B,R92E0,Wiener_oracle,corr_z,0.8255069590940192
B,R976A,Wiener_oracle,corr_z,0.695328736754479
B,R985F,Wiener_oracle,corr_z,0.7852228213555552
B,R9F13,Wiener_oracle,corr_z,0.727904515292666
B,RA825,Wiener_oracle,corr_z,0.7289853163579973
B,RAB7F,Wiener_oracle,corr_z,0.8441226200627011
B,RAC20,Wiener_oracle,corr_z,0.8835339155246515
B,RB0FB,Wiener_oracle,corr_z,0.7394665546768828
B,RB53D,Wiener_oracle,corr_z,0.8020298582415304
B,RC131,Wiener_oracle,corr_z,0.79119338228193
B,RC2BF,Wiener_oracle,corr_z,0.672606262287164
B,RCBF0,Wiener_oracle,corr_z,0.6697465034542606
B,RCCE6,Wiener_oracle,corr_z,0.860278613094393
B,RD349,Wiener_oracle,corr_z,0.7263102406309656
B,RE8DB,Wiener_oracle,corr_z,0.89287080692043
A,R17EF,Wiener_oracle,background_suppression_db,19.66965099152682
A,R1A27,Wiener_oracle,background_suppression_db,16.14730255993222
A,R28BA,Wiener_oracle,background_suppression_db,16.664186260438093
A,R36D4,Wiener_oracle,background_suppression_db,17.688660764340177
A,R3AE5,Wiener_oracle,background_suppression_db,16.459743839568386
A,R4017,Wiener_oracle,background_suppression_db,15.739790342628984
A,R68A5,Wiener_oracle,background_suppression_db,19.669012411345314
A,R6DB9,Wiener_oracle,background_suppression_db,15.541819122471983
A,R74A7,Wiener_oracle,background_suppression_db,17.647582290461337
A,R7805,Wiener_oracle,background_suppression_db,15.453789700284428
A,R81A1,Wiener_oracle,background_suppression_db,20.974211048286264
A,R8B57,Wiener_oracle,background_suppression_db,14.722452577763844
A,R9634,Wiener_oracle,background_suppression_db,18.424069433086533
A,RD4CB,Wiener_oracle,background_suppression_db,18.43038932757527
A,S941D,Wiener_oracle,background_suppression_db,16.610408576370983
B,R0ECF,Wiener_oracle,background_suppression_db,15.519793172234685
B,R2004,Wiener_oracle,background_suppression_db,17.7254918772922
B,R24AE,Wiener_oracle,background_suppression_db,16.008907612319398
B,R3B66,Wiener_oracle,background_suppression_db,17.02457445405309
B,R4DE2,Wiener_oracle,background_suppression_db,17.829477827335204
B,R53B7,Wiener_oracle,background_suppression_db,15.887120711064286
B,R5C4C,Wiener_oracle,background_suppression_db,19.519253519499518
B,R663D,Wiener_oracle,background_suppression_db,15.001787315125904
B,R686A,Wiener_oracle,background_suppression_db,22.891702378406734
B,R6928,Wiener_oracle,background_suppression_db,17.202318860405367
B,R77C3,Wiener_oracle,background_suppression_db,14.848517151614145
B,R7813,Wiener_oracle,background_suppression_db,14.09219649295723
B,R7BF6,Wiener_oracle,background_suppression_db,17.673828302004647
B,R81CF,Wiener_oracle,background_suppression_db,15.153067209440996
B,R8219,Wiener_oracle,background_suppression_db,17.238762876169783
B,R87FD,Wiener_oracle,background_suppression_db,15.624002462060458
B,R8A9B,Wiener_oracle,background_suppression_db,15.959673517052353
B,R8D8E,Wiener_oracle,background_suppression_db,13.951425050135667
B,R92E0,Wiener_oracle,background_suppression_db,18.317059432713865
B,R976A,Wiener_oracle,background_suppression_db,17.447891854482265
B,R985F,Wiener_oracle,background_suppression_db,17.04764929980576
B,R9F13,Wiener_oracle,background_suppression_db,15.811002830637948
B,RA825,Wiener_oracle,background_suppression_db,17.36781691710993
B,RAB7F,Wiener_oracle,background_suppression_db,16.194363455544423
B,RAC20,Wiener_oracle,background_suppression_db,15.151613812187497
B,RB0FB,Wiener_oracle,background_suppression_db,22.341417112847214
B,RB53D,Wiener_oracle,background_suppression_db,16.028229212485286
B,RC131,Wiener_oracle,background_suppression_db,14.78977031182189
B,RC2BF,Wiener_oracle,background_suppression_db,15.063971394801731
B,RCBF0,Wiener_oracle,background_suppression_db,17.841241446606478
B,RCCE6,Wiener_oracle,background_suppression_db,14.69413142146707
B,RD349,Wiener_oracle,background_suppression_db,16.457259539687527
B,RE8DB,Wiener_oracle,background_suppression_db,19.615916621303427
A,R17EF,p01_e07,output_vs_clean_snr,-0.4029476406125022
A,R1A27,p01_e07,output_vs_clean_snr,-0.0644449224853843
A,R28BA,p01_e07,output_vs_clean_snr,-0.12202964657098345
A,R36D4,p01_e07,output_vs_clean_snr,-1.2768134713055916
A,R3AE5,p01_e07,output_vs_clean_snr,-0.5761024064298214
A,R4017,p01_e07,output_vs_clean_snr,-0.34650529207092473
A,R68A5,p01_e07,output_vs_clean_snr,0.2027429523509071
A,R6DB9,p01_e07,output_vs_clean_snr,-0.15736774196338738
A,R74A7,p01_e07,output_vs_clean_snr,-0.5752104126686044
A,R7805,p01_e07,output_vs_clean_snr,-0.5495597796430184
A,R81A1,p01_e07,output_vs_clean_snr,-0.0075531776483313655
A,R8B57,p01_e07,output_vs_clean_snr,-0.7666245607518413
A,R9634,p01_e07,output_vs_clean_snr,-0.21622742323666888
A,RD4CB,p01_e07,output_vs_clean_snr,-0.14935423658476385
A,S941D,p01_e07,output_vs_clean_snr,-0.1821112080810994
B,R0ECF,p01_e07,output_vs_clean_snr,-0.5607839818277834
B,R2004,p01_e07,output_vs_clean_snr,-0.17578724055996803
B,R24AE,p01_e07,output_vs_clean_snr,-0.0022766447230869458
B,R3B66,p01_e07,output_vs_clean_snr,-0.18465855666206554
B,R4DE2,p01_e07,output_vs_clean_snr,-0.2632084639112961
B,R53B7,p01_e07,output_vs_clean_snr,-0.43388107202411624
B,R5C4C,p01_e07,output_vs_clean_snr,-0.34557613984614893
B,R663D,p01_e07,output_vs_clean_snr,-0.2987588011415368
B,R686A,p01_e07,output_vs_clean_snr,-0.2540853786700502
B,R6928,p01_e07,output_vs_clean_snr,-0.060278429329871173
B,R77C3,p01_e07,output_vs_clean_snr,0.6106311970329056
B,R7813,p01_e07,output_vs_clean_snr,-0.048661820577679545
B,R7BF6,p01_e07,output_vs_clean_snr,-0.1902966044915558
B,R81CF,p01_e07,output_vs_clean_snr,-0.16018590373083713
B,R8219,p01_e07,output_vs_clean_snr,0.10063985684680592
B,R87FD,p01_e07,output_vs_clean_snr,-0.19972271263659944
B,R8A9B,p01_e07,output_vs_clean_snr,-0.5132746761584873
B,R8D8E,p01_e07,output_vs_clean_snr,-0.1610479271912246
B,R92E0,p01_e07,output_vs_clean_snr,-0.037792750476359466
B,R976A,p01_e07,output_vs_clean_snr,-0.13898833735333946
B,R985F,p01_e07,output_vs_clean_snr,-0.3907991664761496
B,R9F13,p01_e07,output_vs_clean_snr,0.032284454822304916
B,RA825,p01_e07,output_vs_clean_snr,-0.19519916815381103
B,RAB7F,p01_e07,output_vs_clean_snr,0.24734198319016404
B,RAC20,p01_e07,output_vs_clean_snr,-0.10433640016246469
B,RB0FB,p01_e07,output_vs_clean_snr,0.08449786613195394
B,RB53D,p01_e07,output_vs_clean_snr,-0.17554855752623919
B,RC131,p01_e07,output_vs_clean_snr,-0.16282512908036198
B,RC2BF,p01_e07,output_vs_clean_snr,-0.32161791833095554
B,RCBF0,p01_e07,output_vs_clean_snr,0.07300693368565558
B,RCCE6,p01_e07,output_vs_clean_snr,-0.6825537527664266
B,RD349,p01_e07,output_vs_clean_snr,-0.22718031419696746
B,RE8DB,p01_e07,output_vs_clean_snr,-0.14552806563802193
A,R17EF,p01_e07,amp_ratio_clean,0.769856519866408
A,R1A27,p01_e07,amp_ratio_clean,0.7994138457273182
A,R28BA,p01_e07,amp_ratio_clean,0.9900899551532887
A,R36D4,p01_e07,amp_ratio_clean,0.745727351418248
A,R3AE5,p01_e07,amp_ratio_clean,0.7576159713444887
A,R4017,p01_e07,amp_ratio_clean,2.3806316593178996
A,R68A5,p01_e07,amp_ratio_clean,1.1600454411020986
A,R6DB9,p01_e07,amp_ratio_clean,2.156892716884613
A,R74A7,p01_e07,amp_ratio_clean,1.2802674080486651
A,R7805,p01_e07,amp_ratio_clean,1.5364145520660613
A,R81A1,p01_e07,amp_ratio_clean,1.4393791319043547
A,R8B57,p01_e07,amp_ratio_clean,1.7727381567712184
A,R9634,p01_e07,amp_ratio_clean,0.9611514925404832
A,RD4CB,p01_e07,amp_ratio_clean,0.9552439296687091
A,S941D,p01_e07,amp_ratio_clean,0.687716151829119
B,R0ECF,p01_e07,amp_ratio_clean,0.7308523592849573
B,R2004,p01_e07,amp_ratio_clean,0.966922503709793
B,R24AE,p01_e07,amp_ratio_clean,0.8482893494268259
B,R3B66,p01_e07,amp_ratio_clean,0.6002852072318395
B,R4DE2,p01_e07,amp_ratio_clean,1.2491450682282448
B,R53B7,p01_e07,amp_ratio_clean,1.748826442907254
B,R5C4C,p01_e07,amp_ratio_clean,0.9167096614837646
B,R663D,p01_e07,amp_ratio_clean,0.8832088249425093
B,R686A,p01_e07,amp_ratio_clean,1.1466125796238582
B,R6928,p01_e07,amp_ratio_clean,0.7254499246676763
B,R77C3,p01_e07,amp_ratio_clean,0.6830255029102167
B,R7813,p01_e07,amp_ratio_clean,1.2035341660181682
B,R7BF6,p01_e07,amp_ratio_clean,1.0668043456971645
B,R81CF,p01_e07,amp_ratio_clean,1.4181915906568368
B,R8219,p01_e07,amp_ratio_clean,1.114843875169754
B,R87FD,p01_e07,amp_ratio_clean,0.9213429534876788
B,R8A9B,p01_e07,amp_ratio_clean,4.013895475616057
B,R8D8E,p01_e07,amp_ratio_clean,0.7167673856019974
B,R92E0,p01_e07,amp_ratio_clean,0.7325173690915108
B,R976A,p01_e07,amp_ratio_clean,0.8377872928977013
B,R985F,p01_e07,amp_ratio_clean,2.283393415311972
B,R9F13,p01_e07,amp_ratio_clean,0.7503270469605923
B,RA825,p01_e07,amp_ratio_clean,0.9527852423489094
B,RAB7F,p01_e07,amp_ratio_clean,0.9164554818912789
B,RAC20,p01_e07,amp_ratio_clean,1.024154681712389
B,RB0FB,p01_e07,amp_ratio_clean,0.8043719033400217
B,RB53D,p01_e07,amp_ratio_clean,0.7199227698147297
B,RC131,p01_e07,amp_ratio_clean,0.7013865739107132
B,RC2BF,p01_e07,amp_ratio_clean,1.010944661994775
B,RCBF0,p01_e07,amp_ratio_clean,1.3063329420983791
B,RCCE6,p01_e07,amp_ratio_clean,0.5866731007893881
B,RD349,p01_e07,amp_ratio_clean,1.2301456804076831
B,RE8DB,p01_e07,amp_ratio_clean,0.5646784578760465
A,R17EF,p01_e07,corr_z,0.41755202480851694
A,R1A27,p01_e07,corr_z,0.4464514858341129
A,R28BA,p01_e07,corr_z,0.2866534804939767
A,R36D4,p01_e07,corr_z,0.45187287952099764
A,R3AE5,p01_e07,corr_z,0.5088446875320178
A,R4017,p01_e07,corr_z,0.2808872560337966
A,R68A5,p01_e07,corr_z,0.41496598431700044
A,R6DB9,p01_e07,corr_z,0.2853806602393812
A,R74A7,p01_e07,corr_z,0.38308520133711277
A,R7805,p01_e07,corr_z,0.23618157303968043
A,R81A1,p01_e07,corr_z,0.3766934955141273
A,R8B57,p01_e07,corr_z,0.2832547900593305
A,R9634,p01_e07,corr_z,0.4052786393729665
A,RD4CB,p01_e07,corr_z,0.46148240690666315
A,S941D,p01_e07,corr_z,0.41560822186167945
B,R0ECF,p01_e07,corr_z,0.32662078296046343
B,R2004,p01_e07,corr_z,0.40752167026927083
B,R24AE,p01_e07,corr_z,0.4458202448678971
B,R3B66,p01_e07,corr_z,0.3716444323159475
B,R4DE2,p01_e07,corr_z,0.4689139421708937
B,R53B7,p01_e07,corr_z,0.1624969536972863
B,R5C4C,p01_e07,corr_z,0.4805750704669365
B,R663D,p01_e07,corr_z,0.41209931198239586
B,R686A,p01_e07,corr_z,0.43734050161136145
B,R6928,p01_e07,corr_z,0.4379740769883977
B,R77C3,p01_e07,corr_z,0.4233434522016772
B,R7813,p01_e07,corr_z,0.4270006123292641
B,R7BF6,p01_e07,corr_z,0.45822968303801087
B,R81CF,p01_e07,corr_z,0.34445382439987987
B,R8219,p01_e07,corr_z,0.42507606874664966
B,R87FD,p01_e07,corr_z,0.35748191307549715
B,R8A9B,p01_e07,corr_z,0.23692858489598198
B,R8D8E,p01_e07,corr_z,0.35502786908124984
B,R92E0,p01_e07,corr_z,0.5006890498435181
B,R976A,p01_e07,corr_z,0.475392760575122
B,R985F,p01_e07,corr_z,0.2649630278085044
B,R9F13,p01_e07,corr_z,0.36696311711796853
B,RA825,p01_e07,corr_z,0.37442907596726815
B,RAB7F,p01_e07,corr_z,0.4159428920266817
B,RAC20,p01_e07,corr_z,0.3767959500298627
B,RB0FB,p01_e07,corr_z,0.45075709795660224
B,RB53D,p01_e07,corr_z,0.33429595859021016
B,RC131,p01_e07,corr_z,0.3643854053282593
B,RC2BF,p01_e07,corr_z,0.49200927907371117
B,RCBF0,p01_e07,corr_z,0.3757091913229887
B,RCCE6,p01_e07,corr_z,0.2646253492964118
B,RD349,p01_e07,corr_z,0.24478277939102436
B,RE8DB,p01_e07,corr_z,0.5000724474935304
A,R17EF,p01_e07,background_suppression_db,4.821872384925704
A,R1A27,p01_e07,background_suppression_db,5.216678601830445
A,R28BA,p01_e07,background_suppression_db,5.6594292780672175
A,R36D4,p01_e07,background_suppression_db,2.6998338297010265
A,R3AE5,p01_e07,background_suppression_db,3.4612123055945907
A,R4017,p01_e07,background_suppression_db,4.981320895186122
A,R68A5,p01_e07,background_suppression_db,6.6702496613276425
A,R6DB9,p01_e07,background_suppression_db,5.9155972332009945
A,R74A7,p01_e07,background_suppression_db,3.7833164221190323
A,R7805,p01_e07,background_suppression_db,5.328804798476425
A,R81A1,p01_e07,background_suppression_db,6.724864407744013
A,R8B57,p01_e07,background_suppression_db,5.080272714603661
A,R9634,p01_e07,background_suppression_db,6.21169986186579
A,RD4CB,p01_e07,background_suppression_db,6.188761884126273
A,S941D,p01_e07,background_suppression_db,6.218406350545877
B,R0ECF,p01_e07,background_suppression_db,6.190615739266417
B,R2004,p01_e07,background_suppression_db,5.038940241820703
B,R24AE,p01_e07,background_suppression_db,5.313280498654691
B,R3B66,p01_e07,background_suppression_db,5.712297849609367
B,R4DE2,p01_e07,background_suppression_db,5.707307030400382
B,R53B7,p01_e07,background_suppression_db,5.855279833679411
B,R5C4C,p01_e07,background_suppression_db,4.201836101533966
B,R663D,p01_e07,background_suppression_db,5.889510084251992
B,R686A,p01_e07,background_suppression_db,5.1213694023572645
B,R6928,p01_e07,background_suppression_db,7.049591764644009
B,R77C3,p01_e07,background_suppression_db,7.297801637543567
B,R7813,p01_e07,background_suppression_db,5.296017504210529
B,R7BF6,p01_e07,background_suppression_db,5.2465227913029535
B,R81CF,p01_e07,background_suppression_db,6.932144649963216
B,R8219,p01_e07,background_suppression_db,5.144672691722996
B,R87FD,p01_e07,background_suppression_db,6.504455407229346
B,R8A9B,p01_e07,background_suppression_db,6.946810993802745
B,R8D8E,p01_e07,background_suppression_db,5.284047543341431
B,R92E0,p01_e07,background_suppression_db,7.495592770017921
B,R976A,p01_e07,background_suppression_db,5.196153426046232
B,R985F,p01_e07,background_suppression_db,5.146877301341803
B,R9F13,p01_e07,background_suppression_db,5.520649255004166
B,RA825,p01_e07,background_suppression_db,7.4571177260503525
B,RAB7F,p01_e07,background_suppression_db,4.8431506498401
B,RAC20,p01_e07,background_suppression_db,5.855515796902758
B,RB0FB,p01_e07,background_suppression_db,5.165728451573776
B,RB53D,p01_e07,background_suppression_db,6.317281386472985
B,RC131,p01_e07,background_suppression_db,6.289089188755383
B,RC2BF,p01_e07,background_suppression_db,4.522786109047387
B,RCBF0,p01_e07,background_suppression_db,6.35977285752218
B,RCCE6,p01_e07,background_suppression_db,6.162801645691712
B,RD349,p01_e07,background_suppression_db,4.180226463967659
B,RE8DB,p01_e07,background_suppression_db,4.014268566123703
A,R17EF,p05_e16,output_vs_clean_snr,-0.3282922449185627
A,R1A27,p05_e16,output_vs_clean_snr,-0.1245700825730525
A,R28BA,p05_e16,output_vs_clean_snr,-0.2122773015968407
A,R36D4,p05_e16,output_vs_clean_snr,-1.0943584049724933
A,R3AE5,p05_e16,output_vs_clean_snr,-0.8115201260921394
A,R4017,p05_e16,output_vs_clean_snr,-0.3828789842250205
A,R68A5,p05_e16,output_vs_clean_snr,0.10018076504053125
A,R6DB9,p05_e16,output_vs_clean_snr,-0.49473676786552473
A,R74A7,p05_e16,output_vs_clean_snr,-0.646682495132711
A,R7805,p05_e16,output_vs_clean_snr,-0.5248435764792515
A,R81A1,p05_e16,output_vs_clean_snr,-0.23787276080780625
A,R8B57,p05_e16,output_vs_clean_snr,-1.437449221857467
A,R9634,p05_e16,output_vs_clean_snr,-0.17147245541088937
A,RD4CB,p05_e16,output_vs_clean_snr,-0.14492067025086414
A,S941D,p05_e16,output_vs_clean_snr,-0.21628499424766276
B,R0ECF,p05_e16,output_vs_clean_snr,-0.6252515053749469
B,R2004,p05_e16,output_vs_clean_snr,-0.02976411671728171
B,R24AE,p05_e16,output_vs_clean_snr,-0.25915487836401935
B,R3B66,p05_e16,output_vs_clean_snr,-0.9345108218108606
B,R4DE2,p05_e16,output_vs_clean_snr,-0.3420752228765654
B,R53B7,p05_e16,output_vs_clean_snr,-0.5128293972471464
B,R5C4C,p05_e16,output_vs_clean_snr,-0.43918134575110424
B,R663D,p05_e16,output_vs_clean_snr,-0.13363105985030813
B,R686A,p05_e16,output_vs_clean_snr,-0.2607168540542064
B,R6928,p05_e16,output_vs_clean_snr,0.03974887122466982
B,R77C3,p05_e16,output_vs_clean_snr,-0.21214453531046798
B,R7813,p05_e16,output_vs_clean_snr,-0.011661471345485584
B,R7BF6,p05_e16,output_vs_clean_snr,0.18873092512211245
B,R81CF,p05_e16,output_vs_clean_snr,-0.4566501727089271
B,R8219,p05_e16,output_vs_clean_snr,0.10227199397081681
B,R87FD,p05_e16,output_vs_clean_snr,-0.34728251147979816
B,R8A9B,p05_e16,output_vs_clean_snr,-0.4115077542664822
B,R8D8E,p05_e16,output_vs_clean_snr,0.03036248715383082
B,R92E0,p05_e16,output_vs_clean_snr,-0.10511580364522888
B,R976A,p05_e16,output_vs_clean_snr,-0.08647996211968827
B,R985F,p05_e16,output_vs_clean_snr,-0.3540840067776942
B,R9F13,p05_e16,output_vs_clean_snr,-0.016738613912012135
B,RA825,p05_e16,output_vs_clean_snr,-0.08110989228362969
B,RAB7F,p05_e16,output_vs_clean_snr,0.3599029790335409
B,RAC20,p05_e16,output_vs_clean_snr,-0.23197670034689297
B,RB0FB,p05_e16,output_vs_clean_snr,-0.3068627553132762
B,RB53D,p05_e16,output_vs_clean_snr,-0.31352818648637076
B,RC131,p05_e16,output_vs_clean_snr,-0.3363583974664647
B,RC2BF,p05_e16,output_vs_clean_snr,-0.6429580561071327
B,RCBF0,p05_e16,output_vs_clean_snr,-0.1179569148779227
B,RCCE6,p05_e16,output_vs_clean_snr,-0.6688034796160381
B,RD349,p05_e16,output_vs_clean_snr,-0.13367041988989736
B,RE8DB,p05_e16,output_vs_clean_snr,-0.18909302749752166
A,R17EF,p05_e16,amp_ratio_clean,0.7470687928429821
A,R1A27,p05_e16,amp_ratio_clean,0.8354525702041492
A,R28BA,p05_e16,amp_ratio_clean,1.037927382522159
A,R36D4,p05_e16,amp_ratio_clean,0.7229577043542156
A,R3AE5,p05_e16,amp_ratio_clean,0.8461977000589724
A,R4017,p05_e16,amp_ratio_clean,2.0851743431003005
A,R68A5,p05_e16,amp_ratio_clean,1.371009866948481
A,R6DB9,p05_e16,amp_ratio_clean,2.2788343263996973
A,R74A7,p05_e16,amp_ratio_clean,1.2023310975895987
A,R7805,p05_e16,amp_ratio_clean,1.4397390142635063
A,R81A1,p05_e16,amp_ratio_clean,1.6536090600269813
A,R8B57,p05_e16,amp_ratio_clean,2.0915524782957853
A,R9634,p05_e16,amp_ratio_clean,0.9297825318795664
A,RD4CB,p05_e16,amp_ratio_clean,0.8326351007929554
A,S941D,p05_e16,amp_ratio_clean,0.7817515637035723
B,R0ECF,p05_e16,amp_ratio_clean,0.8399622514843941
B,R2004,p05_e16,amp_ratio_clean,0.8910355895757676
B,R24AE,p05_e16,amp_ratio_clean,0.8119449888666471
B,R3B66,p05_e16,amp_ratio_clean,0.6726169002552828
B,R4DE2,p05_e16,amp_ratio_clean,1.2468921318650246
B,R53B7,p05_e16,amp_ratio_clean,1.8436289491752784
B,R5C4C,p05_e16,amp_ratio_clean,0.8612492953737577
B,R663D,p05_e16,amp_ratio_clean,0.9048374655346075
B,R686A,p05_e16,amp_ratio_clean,1.1043988826374214
B,R6928,p05_e16,amp_ratio_clean,0.6855602798362573
B,R77C3,p05_e16,amp_ratio_clean,0.8152115059395632
B,R7813,p05_e16,amp_ratio_clean,1.2652491242797286
B,R7BF6,p05_e16,amp_ratio_clean,0.9288181190689405
B,R81CF,p05_e16,amp_ratio_clean,1.6869825062652428
B,R8219,p05_e16,amp_ratio_clean,0.9960109442472458
B,R87FD,p05_e16,amp_ratio_clean,0.9722867078251309
B,R8A9B,p05_e16,amp_ratio_clean,3.049977829058965
B,R8D8E,p05_e16,amp_ratio_clean,0.6687573567032814
B,R92E0,p05_e16,amp_ratio_clean,0.7027277139325937
B,R976A,p05_e16,amp_ratio_clean,0.7614895304044088
B,R985F,p05_e16,amp_ratio_clean,2.3837001298864684
B,R9F13,p05_e16,amp_ratio_clean,0.7945054359734058
B,RA825,p05_e16,amp_ratio_clean,0.9081582476695379
B,RAB7F,p05_e16,amp_ratio_clean,0.9489196527887274
B,RAC20,p05_e16,amp_ratio_clean,0.9456173777580261
B,RB0FB,p05_e16,amp_ratio_clean,0.8308539527157942
B,RB53D,p05_e16,amp_ratio_clean,0.7328030268351237
B,RC131,p05_e16,amp_ratio_clean,0.9289137045542399
B,RC2BF,p05_e16,amp_ratio_clean,1.0342051337162654
B,RCBF0,p05_e16,amp_ratio_clean,1.5395083452264469
B,RCCE6,p05_e16,amp_ratio_clean,0.5252748291801523
B,RD349,p05_e16,amp_ratio_clean,1.2956684976816177
B,RE8DB,p05_e16,amp_ratio_clean,0.6064397667845091
A,R17EF,p05_e16,corr_z,0.3923995087218233
A,R1A27,p05_e16,corr_z,0.4298122805354047
A,R28BA,p05_e16,corr_z,0.2645446304208108
A,R36D4,p05_e16,corr_z,0.44095129106732806
A,R3AE5,p05_e16,corr_z,0.5121142468920394
A,R4017,p05_e16,corr_z,0.2641656270659492
A,R68A5,p05_e16,corr_z,0.40255594389642835
A,R6DB9,p05_e16,corr_z,0.24050978029273684
A,R74A7,p05_e16,corr_z,0.3642789262641785
A,R7805,p05_e16,corr_z,0.2226483754362285
A,R81A1,p05_e16,corr_z,0.34586357405865087
A,R8B57,p05_e16,corr_z,0.24186827919111678
A,R9634,p05_e16,corr_z,0.39352709015552384
A,RD4CB,p05_e16,corr_z,0.446235401238427
A,S941D,p05_e16,corr_z,0.39115806841542694
B,R0ECF,p05_e16,corr_z,0.31837831708498193
B,R2004,p05_e16,corr_z,0.40424696362395734
B,R24AE,p05_e16,corr_z,0.4272615460070727
B,R3B66,p05_e16,corr_z,0.3261548349853265
B,R4DE2,p05_e16,corr_z,0.45825894026149144
B,R53B7,p05_e16,corr_z,0.15963910690421435
B,R5C4C,p05_e16,corr_z,0.4689477259331641
B,R663D,p05_e16,corr_z,0.4192498367899277
B,R686A,p05_e16,corr_z,0.4418129144699483
B,R6928,p05_e16,corr_z,0.4211807732848776
B,R77C3,p05_e16,corr_z,0.3765947237260457
B,R7813,p05_e16,corr_z,0.4245460969262261
B,R7BF6,p05_e16,corr_z,0.4661303604591886
B,R81CF,p05_e16,corr_z,0.3448487942696394
B,R8219,p05_e16,corr_z,0.4173649571508822
B,R87FD,p05_e16,corr_z,0.3583821162758061
B,R8A9B,p05_e16,corr_z,0.23156661473662932
B,R8D8E,p05_e16,corr_z,0.3573065820495798
B,R92E0,p05_e16,corr_z,0.4762895399860678
B,R976A,p05_e16,corr_z,0.4450727892168744
B,R985F,p05_e16,corr_z,0.2442256951486518
B,R9F13,p05_e16,corr_z,0.36324739050691507
B,RA825,p05_e16,corr_z,0.390941326903904
B,RAB7F,p05_e16,corr_z,0.3983517439243251
B,RAC20,p05_e16,corr_z,0.36857649943043524
B,RB0FB,p05_e16,corr_z,0.44331506362636547
B,RB53D,p05_e16,corr_z,0.3012149625514063
B,RC131,p05_e16,corr_z,0.34465370629232067
B,RC2BF,p05_e16,corr_z,0.4443187317971778
B,RCBF0,p05_e16,corr_z,0.3567897906576982
B,RCCE6,p05_e16,corr_z,0.26086469216079977
B,RD349,p05_e16,corr_z,0.24057703551277543
B,RE8DB,p05_e16,corr_z,0.4912208961775926
A,R17EF,p05_e16,background_suppression_db,5.28949457852188
A,R1A27,p05_e16,background_suppression_db,5.367877099222044
A,R28BA,p05_e16,background_suppression_db,6.101548277044584
A,R36D4,p05_e16,background_suppression_db,2.8867551377395624
A,R3AE5,p05_e16,background_suppression_db,3.09608211399745
A,R4017,p05_e16,background_suppression_db,5.4440418892557165
A,R68A5,p05_e16,background_suppression_db,7.307762048224071
A,R6DB9,p05_e16,background_suppression_db,5.744403188305999
A,R74A7,p05_e16,background_suppression_db,3.65621001546403
A,R7805,p05_e16,background_suppression_db,5.707594259493237
A,R81A1,p05_e16,background_suppression_db,6.332263341879337
A,R8B57,p05_e16,background_suppression_db,4.230517587606528
A,R9634,p05_e16,background_suppression_db,6.891387561718377
A,RD4CB,p05_e16,background_suppression_db,6.4981851478134125
A,S941D,p05_e16,background_suppression_db,6.137940834017673
B,R0ECF,p05_e16,background_suppression_db,5.927156387198018
B,R2004,p05_e16,background_suppression_db,5.6690543883910856
B,R24AE,p05_e16,background_suppression_db,5.124515058932725
B,R3B66,p05_e16,background_suppression_db,4.35304781401578
B,R4DE2,p05_e16,background_suppression_db,5.368519018747809
B,R53B7,p05_e16,background_suppression_db,5.731435029807158
B,R5C4C,p05_e16,background_suppression_db,4.484223787960687
B,R663D,p05_e16,background_suppression_db,6.60050874427183
B,R686A,p05_e16,background_suppression_db,5.181979875044459
B,R6928,p05_e16,background_suppression_db,8.094112158651166
B,R77C3,p05_e16,background_suppression_db,6.2155107516578205
B,R7813,p05_e16,background_suppression_db,5.357955970208651
B,R7BF6,p05_e16,background_suppression_db,6.0471373672084825
B,R81CF,p05_e16,background_suppression_db,5.830482984281911
B,R8219,p05_e16,background_suppression_db,5.560952579775666
B,R87FD,p05_e16,background_suppression_db,5.554139548279835
B,R8A9B,p05_e16,background_suppression_db,7.951447975084761
B,R8D8E,p05_e16,background_suppression_db,6.0817762550859555
B,R92E0,p05_e16,background_suppression_db,7.632204872146435
B,R976A,p05_e16,background_suppression_db,5.9743717089368245
B,R985F,p05_e16,background_suppression_db,5.078115203775376
B,R9F13,p05_e16,background_suppression_db,5.342779859272379
B,RA825,p05_e16,background_suppression_db,7.1615405672787595
B,RAB7F,p05_e16,background_suppression_db,5.6339187850844406
B,RAC20,p05_e16,background_suppression_db,6.190245888262162
B,RB0FB,p05_e16,background_suppression_db,4.82834920397239
B,RB53D,p05_e16,background_suppression_db,6.412285229625056
B,RC131,p05_e16,background_suppression_db,5.658599884429654
B,RC2BF,p05_e16,background_suppression_db,3.569885637412187
B,RCBF0,p05_e16,background_suppression_db,5.845816741704275
B,RCCE6,p05_e16,background_suppression_db,6.370103133512514
B,RD349,p05_e16,background_suppression_db,4.51388190465445
B,RE8DB,p05_e16,background_suppression_db,4.502373079802768
A,R17EF,p0_e06,output_vs_clean_snr,-0.3439196482434573
A,R1A27,p0_e06,output_vs_clean_snr,-0.06296836800083207
A,R28BA,p0_e06,output_vs_clean_snr,-0.039872299008946656
A,R36D4,p0_e06,output_vs_clean_snr,-1.3664860949720452
A,R3AE5,p0_e06,output_vs_clean_snr,-0.705380276948081
A,R4017,p0_e06,output_vs_clean_snr,-0.09617819789962459
A,R68A5,p0_e06,output_vs_clean_snr,0.44569814899874444
A,R6DB9,p0_e06,output_vs_clean_snr,-0.277840834142037
A,R74A7,p0_e06,output_vs_clean_snr,-0.6840019846877055
A,R7805,p0_e06,output_vs_clean_snr,-0.3932374746547233
A,R81A1,p0_e06,output_vs_clean_snr,0.211428099505957
A,R8B57,p0_e06,output_vs_clean_snr,-0.4197305026110244
A,R9634,p0_e06,output_vs_clean_snr,0.05632460987837698
A,RD4CB,p0_e06,output_vs_clean_snr,0.1150359598177208
A,S941D,p0_e06,output_vs_clean_snr,-0.23069934199009606
B,R0ECF,p0_e06,output_vs_clean_snr,-0.3791337021070764
B,R2004,p0_e06,output_vs_clean_snr,-0.37811483493552334
B,R24AE,p0_e06,output_vs_clean_snr,0.023213641637508137
B,R3B66,p0_e06,output_vs_clean_snr,-0.07791621703942124
B,R4DE2,p0_e06,output_vs_clean_snr,-0.06739875980740861
B,R53B7,p0_e06,output_vs_clean_snr,-0.2392679820090906
B,R5C4C,p0_e06,output_vs_clean_snr,-0.21551568348448993
B,R663D,p0_e06,output_vs_clean_snr,-0.03307202385368458
B,R686A,p0_e06,output_vs_clean_snr,-0.14059329873863846
B,R6928,p0_e06,output_vs_clean_snr,0.09080134439465411
B,R77C3,p0_e06,output_vs_clean_snr,0.7644401743135303
B,R7813,p0_e06,output_vs_clean_snr,0.11249581112631357
B,R7BF6,p0_e06,output_vs_clean_snr,0.0315781964230293
B,R81CF,p0_e06,output_vs_clean_snr,-0.13336388153427656
B,R8219,p0_e06,output_vs_clean_snr,0.36690178335656776
B,R87FD,p0_e06,output_vs_clean_snr,-0.08075828615712825
B,R8A9B,p0_e06,output_vs_clean_snr,-0.2966488932501405
B,R8D8E,p0_e06,output_vs_clean_snr,-0.06246322647356812
B,R92E0,p0_e06,output_vs_clean_snr,0.20315699828614744
B,R976A,p0_e06,output_vs_clean_snr,-0.12512839010286714
B,R985F,p0_e06,output_vs_clean_snr,-0.23682377387653505
B,R9F13,p0_e06,output_vs_clean_snr,0.168270675492089
B,RA825,p0_e06,output_vs_clean_snr,-0.06566127103006379
B,RAB7F,p0_e06,output_vs_clean_snr,0.3994410389222492
B,RAC20,p0_e06,output_vs_clean_snr,-0.03303108708998768
B,RB0FB,p0_e06,output_vs_clean_snr,0.18065988484220116
B,RB53D,p0_e06,output_vs_clean_snr,0.07252790801369528
B,RC131,p0_e06,output_vs_clean_snr,-0.084548264711132
B,RC2BF,p0_e06,output_vs_clean_snr,-0.09610767720493947
B,RCBF0,p0_e06,output_vs_clean_snr,0.22570162609625857
B,RCCE6,p0_e06,output_vs_clean_snr,-0.40084954801717143
B,RD349,p0_e06,output_vs_clean_snr,-0.19342251643933386
B,RE8DB,p0_e06,output_vs_clean_snr,-0.06770271031263983
A,R17EF,p0_e06,amp_ratio_clean,0.7317889630794525
A,R1A27,p0_e06,amp_ratio_clean,0.6969276818267086
A,R28BA,p0_e06,amp_ratio_clean,1.006179940369394
A,R36D4,p0_e06,amp_ratio_clean,0.6853896373951877
A,R3AE5,p0_e06,amp_ratio_clean,0.6987086749739118
A,R4017,p0_e06,amp_ratio_clean,2.2161667148272195
A,R68A5,p0_e06,amp_ratio_clean,0.9292454424279707
A,R6DB9,p0_e06,amp_ratio_clean,2.3831295147538185
A,R74A7,p0_e06,amp_ratio_clean,1.109986752823547
A,R7805,p0_e06,amp_ratio_clean,1.541757916410764
A,R81A1,p0_e06,amp_ratio_clean,1.2025492627311636
A,R8B57,p0_e06,amp_ratio_clean,1.572190722933522
A,R9634,p0_e06,amp_ratio_clean,0.8148858389920659
A,RD4CB,p0_e06,amp_ratio_clean,0.8031672653224733
A,S941D,p0_e06,amp_ratio_clean,0.6549040068078924
B,R0ECF,p0_e06,amp_ratio_clean,0.6632730923593044
B,R2004,p0_e06,amp_ratio_clean,1.004341752330462
B,R24AE,p0_e06,amp_ratio_clean,0.8353655474881331
B,R3B66,p0_e06,amp_ratio_clean,0.6224989891052246
B,R4DE2,p0_e06,amp_ratio_clean,1.1434320112069447
B,R53B7,p0_e06,amp_ratio_clean,1.9619275256991386
B,R5C4C,p0_e06,amp_ratio_clean,0.7855846099555492
B,R663D,p0_e06,amp_ratio_clean,0.9569010411699613
B,R686A,p0_e06,amp_ratio_clean,1.1334009592731793
B,R6928,p0_e06,amp_ratio_clean,0.7438937512536844
B,R77C3,p0_e06,amp_ratio_clean,0.6977867670357227
B,R7813,p0_e06,amp_ratio_clean,1.2419821686214871
B,R7BF6,p0_e06,amp_ratio_clean,1.0650812375048797
B,R81CF,p0_e06,amp_ratio_clean,1.640097837895155
B,R8219,p0_e06,amp_ratio_clean,0.9802228050927321
B,R87FD,p0_e06,amp_ratio_clean,0.9150973834373333
B,R8A9B,p0_e06,amp_ratio_clean,3.8296613295873008
B,R8D8E,p0_e06,amp_ratio_clean,0.6701804846525192
B,R92E0,p0_e06,amp_ratio_clean,0.739395851890246
B,R976A,p0_e06,amp_ratio_clean,0.9145937338471413
B,R985F,p0_e06,amp_ratio_clean,2.1526390574872494
B,R9F13,p0_e06,amp_ratio_clean,0.6461598252256712
B,RA825,p0_e06,amp_ratio_clean,1.0444999895989895
B,RAB7F,p0_e06,amp_ratio_clean,0.8626692460642921
B,RAC20,p0_e06,amp_ratio_clean,1.0717840480307739
B,RB0FB,p0_e06,amp_ratio_clean,0.7146573774516582
B,RB53D,p0_e06,amp_ratio_clean,0.5933207347989082
B,RC131,p0_e06,amp_ratio_clean,0.6930765748023987
B,RC2BF,p0_e06,amp_ratio_clean,1.1509944871068
B,RCBF0,p0_e06,amp_ratio_clean,1.1569111024339993
B,RCCE6,p0_e06,amp_ratio_clean,0.5251175330744849
B,RD349,p0_e06,amp_ratio_clean,1.1472497433423996
B,RE8DB,p0_e06,amp_ratio_clean,0.5409540658195814
A,R17EF,p0_e06,corr_z,0.43931034868192304
A,R1A27,p0_e06,corr_z,0.4415665809993878
A,R28BA,p0_e06,corr_z,0.28180127843337255
A,R36D4,p0_e06,corr_z,0.47435912185906787
A,R3AE5,p0_e06,corr_z,0.5345363943693184
A,R4017,p0_e06,corr_z,0.2930877393273587
A,R68A5,p0_e06,corr_z,0.43355067539365283
A,R6DB9,p0_e06,corr_z,0.28679990757777535
A,R74A7,p0_e06,corr_z,0.40784812190226016
A,R7805,p0_e06,corr_z,0.24803630752810868
A,R81A1,p0_e06,corr_z,0.3889979982137493
A,R8B57,p0_e06,corr_z,0.2962588303837935
A,R9634,p0_e06,corr_z,0.4411987817998713
A,RD4CB,p0_e06,corr_z,0.4721441114102772
A,S941D,p0_e06,corr_z,0.40075372388127045
B,R0ECF,p0_e06,corr_z,0.340815356479709
B,R2004,p0_e06,corr_z,0.4080271533009101
B,R24AE,p0_e06,corr_z,0.4547283484850538
B,R3B66,p0_e06,corr_z,0.38801184209430123
B,R4DE2,p0_e06,corr_z,0.4749914539897621
B,R53B7,p0_e06,corr_z,0.18128332570052377
B,R5C4C,p0_e06,corr_z,0.4743548329064064
B,R663D,p0_e06,corr_z,0.4740428851081501
B,R686A,p0_e06,corr_z,0.4436293315663538
B,R6928,p0_e06,corr_z,0.44299283046042337
B,R77C3,p0_e06,corr_z,0.44495883364727434
B,R7813,p0_e06,corr_z,0.4488188312075554
B,R7BF6,p0_e06,corr_z,0.4736899407056769
B,R81CF,p0_e06,corr_z,0.35976092066541554
B,R8219,p0_e06,corr_z,0.44252963472742807
B,R87FD,p0_e06,corr_z,0.37115309854998046
B,R8A9B,p0_e06,corr_z,0.24770127270017164
B,R8D8E,p0_e06,corr_z,0.3666391369068192
B,R92E0,p0_e06,corr_z,0.4983835446762517
B,R976A,p0_e06,corr_z,0.48672075662431075
B,R985F,p0_e06,corr_z,0.2703733064426042
B,R9F13,p0_e06,corr_z,0.3726379044454264
B,RA825,p0_e06,corr_z,0.3917876249862465
B,RAB7F,p0_e06,corr_z,0.44950096019715435
B,RAC20,p0_e06,corr_z,0.3951427026065506
B,RB0FB,p0_e06,corr_z,0.44687114654677873
B,RB53D,p0_e06,corr_z,0.3351247263341197
B,RC131,p0_e06,corr_z,0.38237276813846954
B,RC2BF,p0_e06,corr_z,0.5056587894561294
B,RCBF0,p0_e06,corr_z,0.38520796497146464
B,RCCE6,p0_e06,corr_z,0.28097049321381523
B,RD349,p0_e06,corr_z,0.2499044958781935
B,RE8DB,p0_e06,corr_z,0.515779470205075
A,R17EF,p0_e06,background_suppression_db,4.582041090119618
A,R1A27,p0_e06,background_suppression_db,5.230823774974577
A,R28BA,p0_e06,background_suppression_db,5.799804306494979
A,R36D4,p0_e06,background_suppression_db,2.311242508044747
A,R3AE5,p0_e06,background_suppression_db,3.400377278828332
A,R4017,p0_e06,background_suppression_db,5.107804278706698
A,R68A5,p0_e06,background_suppression_db,6.7943949364281275
A,R6DB9,p0_e06,background_suppression_db,5.390433121983457
A,R74A7,p0_e06,background_suppression_db,3.4653541105876147
A,R7805,p0_e06,background_suppression_db,5.451565085868906
A,R81A1,p0_e06,background_suppression_db,6.940427545556241
A,R8B57,p0_e06,background_suppression_db,6.025615546901833
A,R9634,p0_e06,background_suppression_db,6.551443785389394
A,RD4CB,p0_e06,background_suppression_db,6.709293041718407
A,S941D,p0_e06,background_suppression_db,5.645432338723884
B,R0ECF,p0_e06,background_suppression_db,6.0019377638637925
B,R2004,p0_e06,background_suppression_db,4.352657520337704
B,R24AE,p0_e06,background_suppression_db,5.580799775972044
B,R3B66,p0_e06,background_suppression_db,5.90282958572129
B,R4DE2,p0_e06,background_suppression_db,6.262027583087344
B,R53B7,p0_e06,background_suppression_db,6.518928202325611
B,R5C4C,p0_e06,background_suppression_db,4.613417846707997
B,R663D,p0_e06,background_suppression_db,6.134311273842436
B,R686A,p0_e06,background_suppression_db,5.0721001089553015
B,R6928,p0_e06,background_suppression_db,7.526825698970136
B,R77C3,p0_e06,background_suppression_db,7.314719395326908
B,R7813,p0_e06,background_suppression_db,5.736774206403495
B,R7BF6,p0_e06,background_suppression_db,5.414292642538755
B,R81CF,p0_e06,background_suppression_db,6.883804491538875
B,R8219,p0_e06,background_suppression_db,5.344192047987556
B,R87FD,p0_e06,background_suppression_db,6.525392403043372
B,R8A9B,p0_e06,background_suppression_db,6.991308721206271
B,R8D8E,p0_e06,background_suppression_db,5.630077186742494
B,R92E0,p0_e06,background_suppression_db,7.783647800492631
B,R976A,p0_e06,background_suppression_db,4.856923029911427
B,R985F,p0_e06,background_suppression_db,4.884556068289819
B,R9F13,p0_e06,background_suppression_db,5.9795247706402685
B,RA825,p0_e06,background_suppression_db,7.660683981156356
B,RAB7F,p0_e06,background_suppression_db,4.669308219957084
B,RAC20,p0_e06,background_suppression_db,6.117958490193971
B,RB0FB,p0_e06,background_suppression_db,5.29678290634772
B,RB53D,p0_e06,background_suppression_db,7.117748767647034
B,RC131,p0_e06,background_suppression_db,6.51250271464068
B,RC2BF,p0_e06,background_suppression_db,4.346022555890904
B,RCBF0,p0_e06,background_suppression_db,6.900328464198497
B,RCCE6,p0_e06,background_suppression_db,6.262134393765138
B,RD349,p0_e06,background_suppression_db,3.93219414975855
B,RE8DB,p0_e06,background_suppression_db,4.012367456190527
